plot,sp,fire hist,tag #,dead,storrie.dead,chips.live,storrie.live,other.live,notes
1.1.1,QUKE FOCAL,SSSC,2333,,,,,,
1.1.2,QUKE FOCAL,SSSC,2352,,,,,0.5,single root sp
1.1.3,QUKE FOCAL,SSSC,2325,,,,,,
1.1.4,QUKE FOCAL,SSSC,2383,,,,,0.2,unrelated to dist sps
1.1.4,QUKE FOCAL,SSSC,2383,,,,,0.2,
1.2.1,QUKE FOCAL,SSSC,,,,,,,
1.2.5,QUKE FOCAL,SSSC,2396,,,,,0.3,
1.2.3,QUKE FOCAL,SSSC,2396,,,,,0.2,
1.2.2,QUKE FOCAL,SSSC,2492,,,,,0.4,
1.2.2,QUKE FOCAL,SSSC,2492,,,,,0.3,
1.2.2,QUKE FOCAL,SSSC,2492,,,,,0.7, 
1.2.2,QUKE FOCAL,SSSC,2492,,,,,0.4,
1.2.2,QUKE FOCAL,SSSC,2492,,,,,0.5,
1.2.2,QUKE FOCAL,SSSC,2492,,,,,0.4,
1.2.2,QUKE FOCAL,SSSC,2492,,,,,0.3,
1.2.2,QUKE FOCAL,SSSC,2492,,,,,0.3,
1.2.2,QUKE FOCAL,SSSC,2492,,,,,0.6,
1.2.2,QUKE FOCAL,SSSC,2492,,,,,0.3,
1.2.2,QUKE FOCAL,SSSC,2492,,,,,0.2,
1.2.2,QUKE FOCAL,SSSC,2492,,,,,0.5,
1.2.2,QUKE FOCAL,SSSC,2492,,,,,0.5,
1.2.2,QUKE FOCAL,SSSC,2492,,,,,0.3,
1.2.2,QUKE FOCAL,SSSC,2492,,,,,0.3,
1.2.2,QUKE FOCAL,SSSC,2492,,,,,0.3,
1.2.3,QUKE FOCAL,SSSC,2496,,,,,0.2,
1.2.3,QUKE FOCAL,SSSC,2496,,,,,0.5,
1.2.3,QUKE FOCAL,SSSC,2496,,,,,0.5, 
1.2.3,QUKE FOCAL,SSSC,2496,,,,,0.5,
1.2.3,QUKE FOCAL,SSSC,2496,,,,,0.5,
1.2.3,QUKE FOCAL,SSSC,2496,,,,,0.4,
1.2.4,QUKE FOCAL,SSSC,,,,,,,
1.2.5,QUKE FOCAL,SSSC,2376,,,1.2,,,
1.2.5,QUKE FOCAL,SSSC,2376,,,0.9,,,
1.2.5,QUKE FOCAL,SSSC,2376,,,0.8,,, 
1.2.5,QUKE FOCAL,SSSC,2376,,,0.5,,,
1.2.5,QUKE FOCAL,SSSC,2376,,,0.4,,,
1.2.5,QUKE FOCAL,SSSC,2376,,,0.5,,,
1.2.5,QUKE FOCAL,SSSC,2376,,,1.1,,,
1.2.5,QUKE FOCAL,SSSC,2376,,,0.6,,,
1.2.5,QUKE FOCAL,SSSC,2376,,,0.5,,,
1.2.5,QUKE FOCAL,SSSC,2376,,,0.5,,,
1.2.5,QUKE FOCAL,SSSC,2376,,,0.7,,,
1.2.5,QUKE FOCAL,SSSC,2376,,,0.7,,,
1.2.5,QUKE FOCAL,SSSC,2376,,,0.6,,,
1.2.5,QUKE FOCAL,SSSC,2376,,,1.3,,,
1.2.5,QUKE FOCAL,SSSC,2376,,,0.6,,,
1.2.5,QUKE FOCAL,SSSC,2376,,,0.8,,,
1.2.5,QUKE FOCAL,SSSC,2376,,,1.2,,,
1.2.5,QUKE FOCAL,SSSC,2376,,,1.3,,,
1.2.5,QUKE FOCAL,SSSC,2376,,,0.4,,,
1.2.5,QUKE FOCAL,SSSC,2376,,,0.5,,,
1.2.5,QUKE FOCAL,SSSC,2376,,,0.5,,,
1.2.5,QUKE FOCAL,SSSC,2376,,,0.7,,,
1.2.5,QUKE FOCAL,SSSC,2376,,,0.7,,,
1.2.5,QUKE FOCAL,SSSC,2376,,,0.5,,,
1.2.5,QUKE FOCAL,SSSC,2376,,,0.6,,,
1.2.5,QUKE FOCAL,SSSC,2376,,,0.8,,,
1.2.5,QUKE FOCAL,SSSC,2376,,,0.6,,,
1.2.5,QUKE FOCAL,SSSC,2376,,,1.3,,,
1.2.5,QUKE FOCAL,SSSC,2376,,,0.7,,,
1.2.5,QUKE FOCAL,SSSC,2376,,,0.5,,,
1.2.5,QUKE FOCAL,SSSC,2376,,,0.6,,,
1.2.5,QUKE FOCAL,SSSC,2376,,,0.8,,,
1.2.5,QUKE FOCAL,SSSC,2376,,,0.8,,,
1.2.5,QUKE FOCAL,SSSC,2376,,,0.3,,,
1.2.5,QUKE FOCAL,SSSC,2376,,,0.4,,,
1.2.5,QUKE FOCAL,SSSC,2376,,,0.4,,,
1.2.5,QUKE FOCAL,SSSC,2376,,,0.4,,,
1.2.5,QUKE FOCAL,SSSC,2376,,,0.8,,,
1.2.5,QUKE FOCAL,SSSC,2376,,,0.3,,,
1.2.5,QUKE FOCAL,SSSC,2376,,,0.3,,,
1.2.5,QUKE FOCAL,SSSC,2376,,,0.3,,,
1.2.5,QUKE FOCAL,SSSC,2376,,,0.4,,,
1.2.5,QUKE FOCAL,SSSC,2376,,,1.2,,,
1.2.5,QUKE FOCAL,SSSC,2376,,,0.6,,,
1.2.5,QUKE FOCAL,SSSC,2376,,,0.5,,,
1.2.5,QUKE FOCAL,SSSC,2376,,,1,,,
1.2.5,QUKE FOCAL,SSSC,2376,,,0.4,,,
1.2.5,QUKE FOCAL,SSSC,2376,,,1,,,
1.2.5,QUKE FOCAL,SSSC,2376,,,0.9,,,
1.2.6,QUKE FOCAL,SSSC,2328,,,,,,
1.3.1,QUKE FOCAL,SSKC,2384,0.2,,0.6,,,
1.3.1,QUKE FOCAL,SSKC,2384,0.3,,0.5,,,
1.3.1,QUKE FOCAL,SSKC,2384,0.4,,1.5,,,
1.3.1,QUKE FOCAL,SSKC,2384,0.3,,0.4,,,
1.3.1,QUKE FOCAL,SSKC,2384,0.2,,0.5,,,
1.3.1,QUKE FOCAL,SSKC,2384,0.4,,1.8,,,
1.3.1,QUKE FOCAL,SSKC,2384,0.5,,0.4,,,
1.3.1,QUKE FOCAL,SSKC,2384,0.6,,1.3,,,
1.3.1,QUKE FOCAL,SSKC,2384,0.2,,1,,,
1.3.1,QUKE FOCAL,SSKC,2384,0.4,,1.2,,,
1.3.1,QUKE FOCAL,SSKC,2384,0.3,,0.8,,,
1.3.1,QUKE FOCAL,SSKC,2384,0.6,,0.5,,,
1.3.1,QUKE FOCAL,SSKC,2384,0.4,,1.4,,,
1.3.1,QUKE FOCAL,SSKC,2384,0.5,,0.7,,,
1.3.1,QUKE FOCAL,SSKC,2384,0.4,,1.4,,,
1.3.1,QUKE FOCAL,SSKC,2384,0.2,,0.8,,,
1.3.1,QUKE FOCAL,SSKC,2384,0.3,,0.5,,,
1.3.1,QUKE FOCAL,SSKC,2384,0.4,,0.2,,,
1.3.1,QUKE FOCAL,SSKC,2384,0.5,,0.6,,,
1.3.1,QUKE FOCAL,SSKC,2384,0.4,,0.9,,,
1.3.1,QUKE FOCAL,SSKC,2384,0.3,,0.4,,,
1.3.1,QUKE FOCAL,SSKC,2384,0.4,,0.4,,,
1.3.1,QUKE FOCAL,SSKC,2384,0.6,,0.6,,,
1.3.1,QUKE FOCAL,SSKC,2384,0.4,,1.4,,,
1.3.1,QUKE FOCAL,SSKC,2384,0.3,,1.3,,,
1.3.1,QUKE FOCAL,SSKC,2384,0.3,,0.3,,,
1.3.1,QUKE FOCAL,SSKC,2384,0.4,,0.3,,,
1.3.1,QUKE FOCAL,SSKC,2384,0.5,,1.8,,,
1.3.1,QUKE FOCAL,SSKC,2384,0.4,,1.9,,,
1.3.1,QUKE FOCAL,SSKC,2384,0.3,,1.2,,,
1.3.1,QUKE FOCAL,SSKC,2384,0.4,,2.1,,,
1.3.1,QUKE FOCAL,SSKC,2384,0.2,,0.5,,,
1.3.1,QUKE FOCAL,SSKC,2384,0.3,,0.4,,,
1.3.1,QUKE FOCAL,SSKC,2384,0.3,,2.1,,,
1.3.1,QUKE FOCAL,SSKC,2384,0.6,,0.9,,,
1.3.1,QUKE FOCAL,SSKC,2384,0.2,,0.6,,,
1.3.1,QUKE FOCAL,SSKC,2384,0.3,,1.5,,,
1.3.1,QUKE FOCAL,SSKC,2384,0.4,,,,,
1.3.2,QUKE FOCAL,CP,2377,,,0.8,,,
1.3.2,QUKE FOCAL,CP,2377,,,1.2,,,
1.3.2,QUKE FOCAL,CP,2377,,,1.7,,,
1.3.2,QUKE FOCAL,CP,2377,,,1,,,
1.3.2,QUKE FOCAL,CP,2377,,,1.7,,,
1.3.2,QUKE FOCAL,CP,2377,,,0.7,,,
1.3.2,QUKE FOCAL,CP,2377,,,1.4,,,
1.3.2,QUKE FOCAL,CP,2377,,,1.7,,,
1.3.2,QUKE FOCAL,CP,2377,,,0.7,,,
1.3.2,QUKE FOCAL,CP,2377,,,1.5,,,
1.3.2,QUKE FOCAL,CP,2377,,,0.7,,,
1.3.2,QUKE FOCAL,CP,2377,,,0.7,,,
1.3.2,QUKE FOCAL,CP,2377,,,0.8,,,
1.3.2,QUKE FOCAL,CP,2377,,,2.5,,,
1.3.2,QUKE FOCAL,CP,2377,,,1.1,,,
1.3.2,QUKE FOCAL,CP,2377,,,1.5,,,
1.3.2,QUKE FOCAL,CP,2377,,,1.2,,,
1.3.2,QUKE FOCAL,CP,2377,,,1.8,,,
1.3.2,QUKE FOCAL,CP,2377,,,1.8,,,
1.3.3,QUKE FOCAL,SSKC,2407,,,1.1,,,
1.3.3,QUKE FOCAL,SSKC,2407,,,1.5,,,
1.3.3,QUKE FOCAL,SSKC,2407,,,1.3,,,
1.3.3,QUKE FOCAL,SSKC,2407,,,1.6,,,
1.3.3,QUKE FOCAL,SSKC,2407,,,1,,,
1.3.3,QUKE FOCAL,SSKC,2407,,,1.9,,,
1.3.3,QUKE FOCAL,SSKC,2407,,,1.6,,,
1.3.3,QUKE FOCAL,SSKC,2407,,,0.9,,,
1.3.3,QUKE FOCAL,SSKC,2407,,,0.8,,,
1.3.3,QUKE FOCAL,SSKC,2407,,,0.6,,,
1.3.3,QUKE FOCAL,SSKC,2407,,,0.4,,,
1.3.3,QUKE FOCAL,SSKC,2407,,,1.4,,,
1.3.3,QUKE FOCAL,SSKC,2407,,,0.7,,,
1.3.3,QUKE FOCAL,SSKC,2407,,,0.4,,,
1.3.3,QUKE FOCAL,SSKC,2407,,,0.6,,,
1.3.3,QUKE FOCAL,SSKC,2407,,,0.4,,,
1.3.3,QUKE FOCAL,SSKC,2407,,,1,,,
1.3.3,QUKE FOCAL,SSKC,2407,,,0.8,,,
1.3.3,QUKE FOCAL,SSKC,2407,,,1.4,,,
1.3.3,QUKE FOCAL,SSKC,2407,,,1.2,,,
1.3.3,QUKE FOCAL,SSKC,2407,,,0.8,,,
1.3.3,QUKE FOCAL,SSKC,2407,,,0.6,,,
1.3.3,QUKE FOCAL,SSKC,2407,,,0.7,,,
1.3.3,QUKE FOCAL,SSKC,2407,,,0.4,,,
1.3.3,QUKE FOCAL,SSKC,2407,,,0.5,,,
1.3.3,QUKE FOCAL,SSKC,2407,,,0.5,,,
1.3.3,QUKE FOCAL,SSKC,2407,,,1,,,
1.3.3,QUKE FOCAL,SSKC,2407,,,0.7,,,
1.3.3,QUKE FOCAL,SSKC,2407,,,1.4,,,
1.3.3,QUKE FOCAL,SSKC,2407,,,0.6,,,
1.3.3,QUKE FOCAL,SSKC,2407,,,1.2,,,
1.3.3,QUKE FOCAL,SSKC,2407,,,0.4,,,
1.3.3,QUKE FOCAL,SSKC,2407,,,0.8,,,
1.3.3,QUKE FOCAL,SSKC,2407,,,1.1,,,
1.3.3,QUKE FOCAL,SSKC,2407,,,1.1,,,
1.3.3,QUKE FOCAL,SSKC,2407,,,1.1,,,
1.3.3,QUKE FOCAL,SSKC,2407,,,1.7,,,
1.3.3,QUKE FOCAL,SSKC,2407,,,0.9,,,
1.3.3,QUKE FOCAL,SSKC,2407,,,1,,,
1.3.4,QUKE FOCAL,SSKC,2408,,,1.7,,,
1.3.4,QUKE FOCAL,SSKC,2408,,,2.6,,,
1.3.4,QUKE FOCAL,SSKC,2408,,,1,,,
1.3.4,QUKE FOCAL,SSKC,2408,,,2,,,
1.3.4,QUKE FOCAL,SSKC,2408,,,0.8,,,
1.3.4,QUKE FOCAL,SSKC,2408,,,1.7,,,
1.3.4,QUKE FOCAL,SSKC,2408,,,1.6,,,
1.3.4,QUKE FOCAL,SSKC,2408,,,2.8,,,
1.3.4,QUKE FOCAL,SSKC,2408,,,1.6,,,
1.3.4,QUKE FOCAL,SSKC,2408,,,1.1,,,
1.3.4,QUKE FOCAL,SSKC,2408,,,0.4,,,
1.3.4,QUKE FOCAL,SSKC,2408,,,0.9,,,
1.3.4,QUKE FOCAL,SSKC,2408,,,2.2,,,
1.3.4,QUKE FOCAL,SSKC,2408,,,0.8,,,
1.3.4,QUKE FOCAL,SSKC,2408,,,1.6,,,
1.3.4,QUKE FOCAL,SSKC,2408,,,2.9,,,
1.3.4,QUKE FOCAL,SSKC,2408,,,1.7,,,
1.3.4,QUKE FOCAL,SSKC,2408,,,1.1,,,
1.3.4,QUKE FOCAL,SSKC,2408,,,1,,,
1.3.4,QUKE FOCAL,SSKC,2408,,,2.6,,,
1.3.4,QUKE FOCAL,SSKC,2408,,,2.5,,,
1.3.4,QUKE FOCAL,SSKC,2408,,,0.9,,,
1.3.4,QUKE FOCAL,SSKC,2408,,,2,,,
1.3.4,QUKE FOCAL,SSKC,2408,,,1.1,,,
1.3.4,QUKE FOCAL,SSKC,2408,,,1,,,
1.3.4,QUKE FOCAL,SSKC,2408,,,2.3,,,
1.3.4,QUKE FOCAL,SSKC,2408,,,2,,,
1.3.4,QUKE FOCAL,SSKC,2408,,,0.6,,,
1.3.4,QUKE FOCAL,SSKC,2408,,,0.7,,,
1.3.4,QUKE FOCAL,SSKC,2408,,,0.8,,,
1.3.4,QUKE FOCAL,SSKC,2408,,,0.8,,,
1.3.4,QUKE FOCAL,SSKC,2408,,,1.5,,,
1.3.4,QUKE FOCAL,SSKC,2408,,,0.7,,,
1.3.4,QUKE FOCAL,SSKC,2408,,,0.5,,,
1.3.4,QUKE FOCAL,SSKC,2408,,,0.5,,,
1.3.4,QUKE FOCAL,SSKC,2408,,,0.9,,,
1.3.4,QUKE FOCAL,SSKC,2408,,,0.4,,,
1.3.4,QUKE FOCAL,SSKC,2408,,,1.3,,,
1.3.4,QUKE FOCAL,SSKC,2408,,,1,,,
1.3.4,QUKE FOCAL,SSKC,2408,,,2.7,,,
1.3.4,QUKE FOCAL,SSKC,2408,,,2,,,
1.3.4,QUKE FOCAL,SSKC,2408,,,1,,,
1.3.4,QUKE FOCAL,SSKC,2408,,,1.3,,,
1.3.4,QUKE FOCAL,SSKC,2408,,,0.8,,,
1.3.4,QUKE FOCAL,SSKC,2408,,,0.9,,,
1.3.4,QUKE FOCAL,SSKC,2408,,,1.1,,,
1.3.4,QUKE FOCAL,SSKC,2408,,,1,,,
1.3.4,QUKE FOCAL,SSKC,2408,,,0.7,,,
1.3.4,QUKE FOCAL,SSKC,2408,,,0.9,,,
1.3.5,QUKE FOCAL,SSKC,2335,,,2.9,,,
1.3.5,QUKE FOCAL,SSKC,2335,,,0.7,,,
1.3.5,QUKE FOCAL,SSKC,2335,,,0.8,,,
1.3.5,QUKE FOCAL,SSKC,2335,,,1.4,,,
1.3.5,QUKE FOCAL,SSKC,2335,,,1.4,,,
1.3.5,QUKE FOCAL,SSKC,2335,,,1,,,
1.3.5,QUKE FOCAL,SSKC,2335,,,2.7,,,
1.3.5,QUKE FOCAL,SSKC,2335,,,1.9,,,
1.3.5,QUKE FOCAL,SSKC,2335,,,1,,,
1.3.5,QUKE FOCAL,SSKC,2335,,,3.1,,,
1.3.5,QUKE FOCAL,SSKC,2335,,,1.6,,,
1.3.5,QUKE FOCAL,SSKC,2335,,,0.7,,,
1.3.5,QUKE FOCAL,SSKC,2335,,,2.7,,,
1.3.5,QUKE FOCAL,SSKC,2335,,,2.1,,,
1.3.5,QUKE FOCAL,SSKC,2335,,,0.9,,,
1.3.5,QUKE FOCAL,SSKC,2335,,,0.6,,,
1.3.5,QUKE FOCAL,SSKC,2335,,,1.2,,,
1.3.5,QUKE FOCAL,SSKC,2335,,,1.4,,,
1.3.5,QUKE FOCAL,SSKC,2335,,,0.6,,,
1.3.5,QUKE FOCAL,SSKC,2335,,,0.5,,,
1.3.5,QUKE FOCAL,SSKC,2335,,,0.6,,,
1.3.5,QUKE FOCAL,SSKC,2335,,,0.8,,,
1.3.6,QUKE FOCAL,SSKC,2414,,,0.9,,,
1.3.6,QUKE FOCAL,SSKC,2414,,,0.8,,,
1.3.6,QUKE FOCAL,SSKC,2414,,,1,,,
1.3.6,QUKE FOCAL,SSKC,2414,,,4,,,
1.3.6,QUKE FOCAL,SSKC,2414,,,1.4,,,
1.3.6,QUKE FOCAL,SSKC,2414,,,1.7,,,
1.3.6,QUKE FOCAL,SSKC,2414,,,0.9,,,
1.3.6,QUKE FOCAL,SSKC,2414,,,0.9,,,
1.3.6,QUKE FOCAL,SSKC,2414,,,1.9,,,
1.3.6,QUKE FOCAL,SSKC,2414,,,0.7,,,
1.3.6,QUKE FOCAL,SSKC,2414,,,3.2,,,
1.3.6,QUKE FOCAL,SSKC,2414,,,0.7,,,
1.3.6,QUKE FOCAL,SSKC,2414,,,0.8,,,
1.3.6,QUKE FOCAL,SSKC,2414,,,0.7,,,
1.3.6,QUKE FOCAL,SSKC,2414,,,1.1,,,
1.3.6,QUKE FOCAL,SSKC,2414,,,1,,,
1.3.6,QUKE FOCAL,SSKC,2414,,,1.7,,,
1.3.6,QUKE FOCAL,SSKC,2414,,,0.6,,,
1.3.6,QUKE FOCAL,SSKC,2414,,,0.9,,,
1.3.6,QUKE FOCAL,SSKC,2414,,,0.8,,,
1.3.6,QUKE FOCAL,SSKC,2414,,,0.6,,,
1.3.6,QUKE FOCAL,SSKC,2414,,,0.7,,,
1.3.6,QUKE FOCAL,SSKC,2414,,,1.7,,,
1.3.6,QUKE FOCAL,SSKC,2414,,,0.9,,,
1.3.6,QUKE FOCAL,SSKC,2414,,,5.3,,,
1.3.6,QUKE FOCAL,SSKC,2414,,,0.7,,,
1.3.6,QUKE FOCAL,SSKC,2414,,,1.3,,,
1.3.6,QUKE FOCAL,SSKC,2414,,,1.2,,,
1.3.6,QUKE FOCAL,SSKC,2414,,,1.1,,,
1.3.6,QUKE FOCAL,SSKC,2414,,,0.7,,,
1.3.6,QUKE FOCAL,SSKC,2414,,,1.3,,,
1.4.1,QUKE FOCAL,KC,2374,,,0.9,,,
1.4.1,QUKE FOCAL,KC,2374,,,3.1,,,
1.4.1,QUKE FOCAL,KC,2374,,,1.6,,,
1.4.1,QUKE FOCAL,KC,2374,,,2,,,
1.4.1,QUKE FOCAL,KC,2374,,,0.9,,,
1.4.1,QUKE FOCAL,KC,2374,,,4.3,,,
1.4.1,QUKE FOCAL,KC,2374,,,1,,,
1.4.1,QUKE FOCAL,KC,2374,,,0.9,,,
1.4.1,QUKE FOCAL,KC,2374,,,2,,,
1.4.1,QUKE FOCAL,KC,2374,,,1.2,,,
1.4.1,QUKE FOCAL,KC,2374,,,1.3,,,
1.4.1,QUKE FOCAL,KC,2374,,,1.3,,,
1.4.2,QUKE FOCAL,CP,2369,,,4,,,
1.4.2,QUKE FOCAL,CP,2369,,,3.5,,,
1.4.2,QUKE FOCAL,CP,2369,,,1.2,,,
1.4.2,QUKE FOCAL,CP,2369,,,1.3,,,
1.4.2,QUKE FOCAL,CP,2369,,,1.6,,,
1.4.2,QUKE FOCAL,CP,2369,,,1.4,,,
1.4.2,QUKE FOCAL,CP,2369,,,1.7,,,
1.4.2,QUKE FOCAL,CP,2369,,,2.7,,,
1.4.2,QUKE FOCAL,CP,2369,,,2.4,,,
1.4.2,QUKE FOCAL,CP,2369,,,0.6,,,
1.4.2,QUKE FOCAL,CP,2369,,,0.8,,,
1.4.2,QUKE FOCAL,CP,2369,,,3.6,,,
1.4.2,QUKE FOCAL,CP,2369,,,0.6,,,
1.4.2,QUKE FOCAL,CP,2369,,,2.5,,,
1.4.2,QUKE FOCAL,CP,2369,,,1.3,,,
1.4.2,QUKE FOCAL,CP,2369,,,1.6,,,
1.4.2,QUKE FOCAL,CP,2369,,,1.4,,,
1.4.2,QUKE FOCAL,CP,2369,,,0.9,,,
1.4.2,QUKE FOCAL,CP,2369,,,0.9,,,
1.4.2,QUKE FOCAL,CP,2369,,,1.1,,,
1.4.2,QUKE FOCAL,CP,2369,,,1.7,,,
1.4.2,QUKE FOCAL,CP,2369,,,1.1,,,
1.4.2,QUKE FOCAL,CP,2369,,,2.5,,,
1.4.2,QUKE FOCAL,CP,2369,,,2.2,,,
1.4.2,QUKE FOCAL,CP,2369,,,2.3,,,
1.4.2,QUKE FOCAL,CP,2369,,,2,,,
1.4.2,QUKE FOCAL,CP,2369,,,1.3,,,
1.4.2,QUKE FOCAL,CP,2369,,,0.9,,,
1.4.3,QUKE FOCAL,SSKC,2373,,,2.6,,,
1.4.3,QUKE FOCAL,SSKC,2373,,,0.9,,,
1.4.3,QUKE FOCAL,SSKC,2373,,,1.1,,,
1.4.3,QUKE FOCAL,SSKC,2373,,,3.7,,,
1.4.3,QUKE FOCAL,SSKC,2373,,,1.8,,,
1.4.3,QUKE FOCAL,SSKC,2373,,,0.5,,,
1.4.3,QUKE FOCAL,SSKC,2373,,,1.9,,,
1.4.3,QUKE FOCAL,SSKC,2373,,,4.6,,,
1.4.3,QUKE FOCAL,SSKC,2373,,,3.9,,,
1.4.3,QUKE FOCAL,SSKC,2373,,,2.4,,,
1.4.3,QUKE FOCAL,SSKC,2373,,,1.1,,,
1.4.3,QUKE FOCAL,SSKC,2373,,,2.5,,,
1.4.3,QUKE FOCAL,SSKC,2373,,,1,,,
1.4.3,QUKE FOCAL,SSKC,2373,,,0.7,,,
1.4.3,QUKE FOCAL,SSKC,2373,,,0.9,,,
1.4.3,QUKE FOCAL,SSKC,2373,,,1.1,,,
1.4.3,QUKE FOCAL,SSKC,2373,,,1,,,
1.4.3,QUKE FOCAL,SSKC,2373,,,1.6,,,
1.4.3,QUKE FOCAL,SSKC,2373,,,1.4,,,
1.4.3,QUKE FOCAL,SSKC,2373,,,1,,,
1.4.3,QUKE FOCAL,SSKC,2373,,,0.8,,,
1.4.3,QUKE FOCAL,SSKC,2373,,,0.9,,,
1.4.3,QUKE FOCAL,SSKC,2373,,,1.2,,,
1.4.3,QUKE FOCAL,SSKC,2373,,,0.7,,,
1.4.3,QUKE FOCAL,SSKC,2373,,,4.4,,,
1.4.4,QUKE FOCAL,SSKC,2405,,,1.5,,,
1.4.4,QUKE FOCAL,SSKC,2405,,,4.4,,,
1.4.4,QUKE FOCAL,SSKC,2405,,,2.2,,,
1.4.4,QUKE FOCAL,SSKC,2405,,,1.1,,,
1.4.4,QUKE FOCAL,SSKC,2405,,,1.5,,,
1.4.4,QUKE FOCAL,SSKC,2405,,,2.3,,,
1.4.4,QUKE FOCAL,SSKC,2405,,,1.4,,,
1.4.4,QUKE FOCAL,SSKC,2405,,,2.1,,,
1.4.4,QUKE FOCAL,SSKC,2405,,,2.2,,,
1.4.4,QUKE FOCAL,SSKC,2405,,,1.2,,,
1.4.4,QUKE FOCAL,SSKC,2405,,,0.5,,,
1.4.4,QUKE FOCAL,SSKC,2405,,,1.4,,,
1.4.4,QUKE FOCAL,SSKC,2405,,,4,,,
1.4.4,QUKE FOCAL,SSKC,2405,,,3.8,,,
1.4.4,QUKE FOCAL,SSKC,2405,,,1.8,,,
1.4.4,QUKE FOCAL,SSKC,2405,,,0.7,,,
1.4.4,QUKE FOCAL,SSKC,2405,,,3.6,,,
1.4.4,QUKE FOCAL,SSKC,2405,,,0.6,,,
1.4.4,QUKE FOCAL,SSKC,2405,,,0.9,,,
1.4.4,QUKE FOCAL,SSKC,2405,,,1.6,,,
1.4.4,QUKE FOCAL,SSKC,2405,,,1.8,,,
1.4.4,QUKE FOCAL,SSKC,2405,,,1.4,,,
1.4.4,QUKE FOCAL,SSKC,2405,,,0.5,,,
1.4.4,QUKE FOCAL,SSKC,2405,,,1.1,,,
1.4.4,QUKE FOCAL,SSKC,2405,,,1.4,,,
1.4.4,QUKE FOCAL,SSKC,2405,,,0.9,,,
1.4.4,QUKE FOCAL,SSKC,2405,,,0.6,,,
1.4.4,QUKE FOCAL,SSKC,2405,,,1,,,
1.4.4,QUKE FOCAL,SSKC,2405,,,1.5,,,
1.4.4,QUKE FOCAL,SSKC,2405,,,2.2,,,
1.4.4,QUKE FOCAL,SSKC,2405,,,1.3,,,
1.4.4,QUKE FOCAL,SSKC,2405,,,1.1,,,
1.4.4,QUKE FOCAL,SSKC,2405,,,3.9,,,
1.4.4,QUKE FOCAL,SSKC,2405,,,1.6,,,
1.4.4,QUKE FOCAL,SSKC,2405,,,1.3,,,
1.4.4,QUKE FOCAL,SSKC,2405,,,1.5,,,
1.4.4,QUKE FOCAL,SSKC,2405,,,2.2,,,
1.4.4,QUKE FOCAL,SSKC,2405,,,1.4,,,
1.4.4,QUKE FOCAL,SSKC,2405,,,1.5,,,
1.4.4,QUKE FOCAL,SSKC,2405,,,1.6,,,
1.4.4,QUKE FOCAL,SSKC,2405,,,1,,,
1.4.4,QUKE FOCAL,SSKC,2405,,,2.8,,,
1.4.4,QUKE FOCAL,SSKC,2405,,,5.6,,,
1.4.4,QUKE FOCAL,SSKC,2405,,,0.7,,,
1.4.4,QUKE FOCAL,SSKC,2405,,,0.7,,,
1.4.4,QUKE FOCAL,SSKC,2405,,,0.6,,,
1.4.4,QUKE FOCAL,SSKC,2405,,,3.4,,,
1.4.4,QUKE FOCAL,SSKC,2405,,,1.7,,,
1.4.4,QUKE FOCAL,SSKC,2405,,,1.3,,,
1.4.4,QUKE FOCAL,SSKC,2405,,,0.8,,,
1.4.5,QUKE FOCAL,SSKC,2372,,,3.9,,,
1.4.5,QUKE FOCAL,SSKC,2372,,,3.3,,,
1.4.5,QUKE FOCAL,SSKC,2372,,,2.4,,,
1.4.5,QUKE FOCAL,SSKC,2372,,,1,,,
1.4.5,QUKE FOCAL,SSKC,2372,,,1.3,,,
1.4.5,QUKE FOCAL,SSKC,2372,,,2.8,,,
1.4.5,QUKE FOCAL,SSKC,2372,,,1.2,,,
1.4.5,QUKE FOCAL,SSKC,2372,,,1.2,,,
1.4.5,QUKE FOCAL,SSKC,2372,,,2.5,,,
1.4.5,QUKE FOCAL,SSKC,2372,,,1.1,,,
1.4.5,QUKE FOCAL,SSKC,2372,,,1.1,,,
1.4.5,QUKE FOCAL,SSKC,2372,,,2.6,,,
1.4.5,QUKE FOCAL,SSKC,2372,,,4.8,,,
1.4.5,QUKE FOCAL,SSKC,2372,,,3.3,,,
1.4.5,QUKE FOCAL,SSKC,2372,,,1.3,,,
1.4.5,QUKE FOCAL,SSKC,2372,,,1.4,,,
1.4.5,QUKE FOCAL,SSKC,2372,,,1.4,,,
1.4.5,QUKE FOCAL,SSKC,2372,,,1.6,,,
1.4.5,QUKE FOCAL,SSKC,2372,,,1,,,
1.4.5,QUKE FOCAL,SSKC,2372,,,1.4,,,
1.4.5,QUKE FOCAL,SSKC,2372,,,3.8,,,
1.4.5,QUKE FOCAL,SSKC,2372,,,1,,,
1.4.5,QUKE FOCAL,SSKC,2372,,,2.9,,,
1.4.5,QUKE FOCAL,SSKC,2372,,,0.8,,,
1.4.5,QUKE FOCAL,SSKC,2372,,,0.8,,,
1.4.5,QUKE FOCAL,SSKC,2372,,,3.6,,,
1.4.5,QUKE FOCAL,SSKC,2372,,,2.7,,,
1.4.5,QUKE FOCAL,SSKC,2372,,,1,,,
1.4.5,QUKE FOCAL,SSKC,2372,,,2.4,,,
1.4.5,QUKE FOCAL,SSKC,2372,,,3.8,,,
1.4.5,QUKE FOCAL,SSKC,2372,,,3.4,,,
1.4.5,QUKE FOCAL,SSKC,2372,,,1.4,,,
1.4.5,QUKE FOCAL,SSKC,2372,,,0.5,,,
1.4.5,QUKE FOCAL,SSKC,2372,,,0.7,,,
1.4.5,QUKE FOCAL,SSKC,2372,,,1.1,,,
1.4.5,QUKE FOCAL,SSKC,2372,,,3.3,,,
1.4.5,QUKE FOCAL,SSKC,2372,,,1.2,,,
1.4.5,QUKE FOCAL,SSKC,2372,,,3.1,,,
1.4.5,QUKE FOCAL,SSKC,2372,,,1.3,,,
1.4.5,QUKE FOCAL,SSKC,2372,,,2.8,,,
1.4.5,QUKE FOCAL,SSKC,2372,,,2.6,,,
1.4.5,QUKE FOCAL,SSKC,2372,,,1.1,,,
1.4.5,QUKE FOCAL,SSKC,2372,,,1.5,,,
1.4.5,QUKE FOCAL,SSKC,2372,,,1,,,
1.4.5,QUKE FOCAL,SSKC,2372,,,2.9,,,
1.4.5,QUKE FOCAL,SSKC,2372,,,4.6,,,
1.4.5,QUKE FOCAL,SSKC,2372,,,2.5,,,
1.4.5,QUKE FOCAL,SSKC,2372,,,1.6,,,
1.4.5,QUKE FOCAL,SSKC,2372,,,3.1,,,
1.4.5,QUKE FOCAL,SSKC,2372,,,2.5,,,
1.4.5,QUKE FOCAL,SSKC,2372,,,0.9,,,
1.4.5,QUKE FOCAL,SSKC,2372,,,1.5,,,
1.4.5,QUKE FOCAL,SSKC,2372,,,1.3,,,
1.4.5,QUKE FOCAL,SSKC,2372,,,3.8,,,
1.4.5,QUKE FOCAL,SSKC,2372,,,1.1,,,
1.4.5,QUKE FOCAL,SSKC,2372,,,1.1,,,
1.4.5,QUKE FOCAL,SSKC,2372,,,1.6,,,
1.4.5,QUKE FOCAL,SSKC,2372,,,1,,,
1.4.5,QUKE FOCAL,SSKC,2372,,,0.7,,,
1.4.5,QUKE FOCAL,SSKC,2372,,,2.6,,,
1.4.5,QUKE FOCAL,SSKC,2372,,,1.4,,,
1.4.5,QUKE FOCAL,SSKC,2372,,,1.2,,,
1.4.5,QUKE FOCAL,SSKC,2372,,,1.3,,,
1.4.5,QUKE FOCAL,SSKC,2372,,,3.9,,,
1.4.5,QUKE FOCAL,SSKC,2372,,,3.4,,,
1.4.6,QUKE FOCAL,SSKC,2409,,,2.5,,,
1.4.6,QUKE FOCAL,SSKC,2409,,,3.5,,,
1.4.6,QUKE FOCAL,SSKC,2409,,,1.1,,,
1.4.6,QUKE FOCAL,SSKC,2409,,,2.2,,,
1.4.6,QUKE FOCAL,SSKC,2409,,,0.8,,,
1.4.6,QUKE FOCAL,SSKC,2409,,,0.4,,,
1.4.6,QUKE FOCAL,SSKC,2409,,,2.4,,,
1.4.6,QUKE FOCAL,SSKC,2409,,,0.6,,,
1.4.6,QUKE FOCAL,SSKC,2409,,,1.1,,,
1.4.6,QUKE FOCAL,SSKC,2409,,,1.9,,,
1.4.6,QUKE FOCAL,SSKC,2409,,,1.2,,,
1.4.6,QUKE FOCAL,SSKC,2409,,,1.3,,,
1.4.6,QUKE FOCAL,SSKC,2409,,,2.6,,,
1.4.6,QUKE FOCAL,SSKC,2409,,,1,,,
1.4.6,QUKE FOCAL,SSKC,2409,,,2.8,,,
1.4.6,QUKE FOCAL,SSKC,2409,,,2.3,,,
1.4.6,QUKE FOCAL,SSKC,2409,,,1,,,
1.4.6,QUKE FOCAL,SSKC,2409,,,1.4,,,
1.4.6,QUKE FOCAL,SSKC,2409,,,1.1,,,
1.4.6,QUKE FOCAL,SSKC,2409,,,2.7,,,
1.4.6,QUKE FOCAL,SSKC,2409,,,2.8,,,
1.4.6,QUKE FOCAL,SSKC,2409,,,2.7,,,
1.4.6,QUKE FOCAL,SSKC,2409,,,1.4,,,
1.4.6,QUKE FOCAL,SSKC,2409,,,0.8,,,
1.4.6,QUKE FOCAL,SSKC,2409,,,0.9,,,
1.4.6,QUKE FOCAL,SSKC,2409,,,1.4,,,
1.4.6,QUKE FOCAL,SSKC,2409,,,0.8,,,
1.4.6,QUKE FOCAL,SSKC,2409,,,2.4,,,
1.4.6,QUKE FOCAL,SSKC,2409,,,1.4,,,
1.4.6,QUKE FOCAL,SSKC,2409,,,2.1,,,
1.4.6,QUKE FOCAL,SSKC,2409,,,0.9,,,
1.4.6,QUKE FOCAL,SSKC,2409,,,3.2,,,
1.4.6,QUKE FOCAL,SSKC,2409,,,0.6,,,
1.4.6,QUKE FOCAL,SSKC,2409,,,0.3,,,
1.4.6,QUKE FOCAL,SSKC,2409,,,0.3,,,
1.4.6,QUKE FOCAL,SSKC,2409,,,2.1,,,
1.4.6,QUKE FOCAL,SSKC,2409,,,1.2,,,
1.4.6,QUKE FOCAL,SSKC,2409,,,1,,,
1.4.6,QUKE FOCAL,SSKC,2409,,,1.6,,,
1.4.6,QUKE FOCAL,SSKC,2409,,,2,,,
1.4.6,QUKE FOCAL,SSKC,2409,,,1.2,,,
1.4.6,QUKE FOCAL,SSKC,2409,,,0.7,,,
1.4.6,QUKE FOCAL,SSKC,2409,,,1.4,,,
1.4.6,QUKE FOCAL,SSKC,2409,,,1.5,,,
1.4.6,QUKE FOCAL,SSKC,2409,,,2.7,,,
1.4.6,QUKE FOCAL,SSKC,2409,,,0.7,,,
1.4.6,QUKE FOCAL,SSKC,2409,,,2,,,
1.4.6,QUKE FOCAL,SSKC,2409,,,0.8,,,
1.4.6,QUKE FOCAL,SSKC,2409,,,0.5,,,
1.4.6,QUKE FOCAL,SSKC,2409,,,0.6,,,
1.4.6,QUKE FOCAL,SSKC,2409,,,0.9,,,
2.1.1,QUKE FOCAL,KSSC,2308,,,,1.7,,
2.1.1,QUKE FOCAL,KSSC,2308,,,,1.5,,
2.1.1,QUKE FOCAL,KSSC,2308,,,,5,,
2.1.1,QUKE FOCAL,KSSC,2308,,,,8.9,,
2.1.1,QUKE FOCAL,KSSC,2308,,,,8.2,,
2.1.1,QUKE FOCAL,KSSC,2308,,,,2.8,,
2.1.1,QUKE FOCAL,KSSC,2308,,,,5.6,,
2.1.1,QUKE FOCAL,KSSC,2308,,,,2.7,,
2.1.1,QUKE FOCAL,KSSC,2308,,,,3.7,,
2.1.1,QUKE FOCAL,KSSC,2308,,,,2.9,,
2.1.1,QUKE FOCAL,KSSC,2308,,,,2.5,,
2.1.1,QUKE FOCAL,KSSC,2308,,,,8.4,,
2.1.1,QUKE FOCAL,KSSC,2308,,,,1.8,,
2.1.1,QUKE FOCAL,KSSC,2308,,,,7.5,,
2.1.1,QUKE FOCAL,KSSC,2308,,,,1.4,,
2.1.1,QUKE FOCAL,KSSC,2308,,,,1.4,,
2.1.1,QUKE FOCAL,KSSC,2308,,,,3.7,,
2.1.1,QUKE FOCAL,KSSC,2308,,,,1.5,,
2.1.1,QUKE FOCAL,KSSC,2308,,,,9.8,,
2.1.1,QUKE FOCAL,KSSC,2308,,,,1.4,,
2.1.1,QUKE FOCAL,KSSC,2308,,,,2.8,,
2.1.1,QUKE FOCAL,KSSC,2308,,,,2.1,,
2.1.2,QUKE FOCAL,SSSC,2495,,,,0.4,,
2.1.2,QUKE FOCAL,SSSC,2495,,,,0.4,,
2.1.2,QUKE FOCAL,SSSC,2495,,,,0.6,,
2.1.2,QUKE FOCAL,SSSC,2495,,,,0.5,,
2.1.2,QUKE FOCAL,SSSC,2495,,,,0.5,,
2.1.2,QUKE FOCAL,SSSC,2495,,,,0.5,,
2.1.2,QUKE FOCAL,SSSC,2495,,,,0.7,,
2.1.2,QUKE FOCAL,SSSC,2495,,,,0.3,,
2.1.2,QUKE FOCAL,SSSC,2495,,,,0.6,,
2.1.3,QUKE FOCAL,SSSC,2393,1,,,2.6,,
2.1.3,QUKE FOCAL,SSSC,2393,0.6,,,1.6,,
2.1.3,QUKE FOCAL,SSSC,2393,0.6,,,1,,
2.1.3,QUKE FOCAL,SSSC,2393,1.2,,,1.6,,
2.1.3,QUKE FOCAL,SSSC,2393,,,,1,,
2.1.3,QUKE FOCAL,SSSC,2393,,,,0.8,,
2.1.3,QUKE FOCAL,SSSC,2393,,,,1.4,,
2.1.3,QUKE FOCAL,SSSC,2393,,,,1.2,,
2.1.3,QUKE FOCAL,SSSC,2393,,,,1.1,,
2.1.3,QUKE FOCAL,SSSC,2393,,,,0.7,,
2.1.3,QUKE FOCAL,SSSC,2393,,,,0.6,,
2.1.4,QUKE FOCAL,SSSC,2494,,,,,1.5,
2.1.4,QUKE FOCAL,SSSC,2494,,,,,0.8,
2.1.5,QUKE FOCAL,KSSC,2411,,,,8.6,,
2.1.5,QUKE FOCAL,KSSC,2411,,,,3,,
2.1.5,QUKE FOCAL,KSSC,2411,,,,2.3,,
2.1.5,QUKE FOCAL,KSSC,2411,,,,2.4,,
2.1.5,QUKE FOCAL,KSSC,2411,,,,5.3,,
2.1.5,QUKE FOCAL,KSSC,2411,,,,2.3,,
2.1.5,QUKE FOCAL,KSSC,2411,,,,1.2,,
2.1.5,QUKE FOCAL,KSSC,2411,,,,1.5,,
2.1.6,QUKE FOCAL,KSSC,2366,,,,3.6,,
2.1.6,QUKE FOCAL,KSSC,2366,,,,7.5,,
2.1.6,QUKE FOCAL,KSSC,2366,,,,4.2,,
2.1.6,QUKE FOCAL,KSSC,2366,,,,5.8,,
2.1.6,QUKE FOCAL,KSSC,2366,,,,2.7,,
2.1.6,QUKE FOCAL,KSSC,2366,,,,1.9,,
2.1.6,QUKE FOCAL,KSSC,2366,,,,2.5,,
2.1.6,QUKE FOCAL,KSSC,2366,,,,2.4,,
2.1.6,QUKE FOCAL,KSSC,2366,,,,3,,
2.1.6,QUKE FOCAL,KSSC,2366,,,,1.7,,
2.2.1,QUKE FOCAL,SSSC,2314,,,0.4,,,
2.2.1,QUKE FOCAL,SSSC,2314,,,0.5,,,
2.2.1,QUKE FOCAL,SSSC,2314,,,0.2,,,
2.2.3,QUKE FOCAL,SSSC,2319,,,,,,
2.2.4,QUKE FOCAL,SSSC,2316,,,,,,
2.2.5,QUKE FOCAL,SSSC,2490,0.2,,1.3,,,"sur sto, but has chips sprouts"
2.2.5,QUKE FOCAL,SSSC,2490,,,0.7,,,
2.2.5,QUKE FOCAL,SSSC,2490,,,1.6,,, 
2.2.5,QUKE FOCAL,SSSC,2490,,,0.8,,,
2.2.5,QUKE FOCAL,SSSC,2490,,,2.7,,,
2.2.5,QUKE FOCAL,SSSC,2490,,,0.4,,,
2.2.5,QUKE FOCAL,SSSC,2490,,,1.6,,,
2.2.5,QUKE FOCAL,SSSC,2490,,,1.6,,,
2.2.5,QUKE FOCAL,SSSC,2490,,,0.9,,,
2.2.5,QUKE FOCAL,SSSC,2490,,,0.8,,,
2.2.5,QUKE FOCAL,SSSC,2490,,,0.4,,,
2.2.5,QUKE FOCAL,SSSC,2490,,,0.4,,,
2.2.5,QUKE FOCAL,SSSC,2490,,,1.6,,,
2.2.5,QUKE FOCAL,SSSC,2490,,,0.2,,,
2.2.5,QUKE FOCAL,SSSC,2490,,,0.7,,,
2.2.5,QUKE FOCAL,SSSC,2490,,,1.1,,,
2.2.6,QUKE FOCAL,SSSC,2415,,,0.8,,,small chips sps
2.2.6,QUKE FOCAL,SSSC,2415,,,0.3,,,
2.2.6,QUKE FOCAL,SSSC,2415,,,0.7,,,
2.2.6,QUKE FOCAL,SSSC,2415,,,0.4,,,
2.2.6,QUKE FOCAL,SSSC,2415,,,0.4,,,
2.2.6,QUKE FOCAL,SSSC,2415,,,0.6,,,
2.2.6,QUKE FOCAL,SSSC,2415,,,0.9,,,
2.2.2,QUKE FOCAL,SSSC,2398,,,,,,"PRE-STORRIE TREE ALIVE, ONE CHIPS(?) SPROUT, NO diam record, NO STORRIE SPROUTS"
2.3.1,QUKE FOCAL,SSKC,2309,,,1.2,,,
2.3.1,QUKE FOCAL,SSKC,2309,,,0.8,,,
2.3.1,QUKE FOCAL,SSKC,2309,,,3,,,
2.3.1,QUKE FOCAL,SSKC,2309,,,0.7,,,
2.3.1,QUKE FOCAL,SSKC,2309,,,0.7,,,
2.3.1,QUKE FOCAL,SSKC,2309,,,0.9,,,
2.3.1,QUKE FOCAL,SSKC,2309,,,1.3,,,
2.3.1,QUKE FOCAL,SSKC,2309,,,0.8,,,
2.3.1,QUKE FOCAL,SSKC,2309,,,1.5,,,
2.3.1,QUKE FOCAL,SSKC,2309,,,1.5,,,
2.3.1,QUKE FOCAL,SSKC,2309,,,1.5,,,
2.3.1,QUKE FOCAL,SSKC,2309,,,2.3,,,
2.3.1,QUKE FOCAL,SSKC,2309,,,0.9,,,
2.3.1,QUKE FOCAL,SSKC,2309,,,0.9,,,
2.3.1,QUKE FOCAL,SSKC,2309,,,1.3,,,
2.3.1,QUKE FOCAL,SSKC,2309,,,1.8,,,
2.3.1,QUKE FOCAL,SSKC,2309,,,1.3,,,
2.3.1,QUKE FOCAL,SSKC,2309,,,1.3,,,
2.3.1,QUKE FOCAL,SSKC,2309,,,1.4,,,
2.3.1,QUKE FOCAL,SSKC,2309,,,0.9,,,
2.3.1,QUKE FOCAL,SSKC,2309,,,1.8,,,
2.3.1,QUKE FOCAL,SSKC,2309,,,0.9,,,
2.3.1,QUKE FOCAL,SSKC,2309,,,1.4,,,
2.3.1,QUKE FOCAL,SSKC,2309,,,1.6,,,
2.3.1,QUKE FOCAL,SSKC,2309,,,0.6,,,
2.3.1,QUKE FOCAL,SSKC,2309,,,1.1,,,
2.3.1,QUKE FOCAL,SSKC,2309,,,1.1,,,
2.3.1,QUKE FOCAL,SSKC,2309,,,1.3,,,
2.3.1,QUKE FOCAL,SSKC,2309,,,1.2,,,
2.3.1,QUKE FOCAL,SSKC,2309,,,1.1,,,
2.3.1,QUKE FOCAL,SSKC,2309,,,1.7,,,
2.3.1,QUKE FOCAL,SSKC,2309,,,1.6,,,
2.3.1,QUKE FOCAL,SSKC,2309,,,1.2,,,
2.3.1,QUKE FOCAL,SSKC,2309,,,0.7,,,
2.3.1,QUKE FOCAL,SSKC,2309,,,0.9,,,
2.3.1,QUKE FOCAL,SSKC,2309,,,1.4,,,
2.3.1,QUKE FOCAL,SSKC,2309,,,1.2,,,
2.3.1,QUKE FOCAL,SSKC,2309,,,0.5,,,
2.3.2,QUKE FOCAL,KSKC,2498,2,,1.8,,,
2.3.2,QUKE FOCAL,KSKC,2498,2.9,,1.5,,,
2.3.2,QUKE FOCAL,KSKC,2498,2.2,,1.4,,,
2.3.2,QUKE FOCAL,KSKC,2498,2.8,,1.5,,,
2.3.2,QUKE FOCAL,KSKC,2498,,,0.4,,,
2.3.2,QUKE FOCAL,KSKC,2498,,,0.3,,,
2.3.3,QUKE FOCAL,SSSC,2395,,,,,,
2.3.4,QUKE FOCAL,KSKC,2493,2.2,,1.6,,,
2.3.4,QUKE FOCAL,KSKC,2493,2.3,,0.9,,,
2.3.4,QUKE FOCAL,KSKC,2493,4.2,,1,,,
2.3.4,QUKE FOCAL,KSKC,2493,3.9,,0.4,,,
2.3.4,QUKE FOCAL,KSKC,2493,3.8,,0.6,,,
2.3.4,QUKE FOCAL,KSKC,2493,1.7,,1.4,,,
2.3.4,QUKE FOCAL,KSKC,2493,,,0.9,,,
2.3.4,QUKE FOCAL,KSKC,2493,,,1.6,,,
2.3.4,QUKE FOCAL,KSKC,2493,,,0.6,,,
2.3.4,QUKE FOCAL,KSKC,2493,,,0.8,,,
2.3.4,QUKE FOCAL,KSKC,2493,,,0.2,,,
2.3.4,QUKE FOCAL,KSKC,2493,,,1.3,,,
2.3.4,QUKE FOCAL,KSKC,2493,,,0.9,,,
2.3.4,QUKE FOCAL,KSKC,2493,,,0.4,,,
2.3.4,QUKE FOCAL,KSKC,2493,,,2,,,
2.3.4,QUKE FOCAL,KSKC,2493,,,1.3,,,
2.3.4,QUKE FOCAL,KSKC,2493,,,0.6,,,
2.3.4,QUKE FOCAL,KSKC,2493,,,0.9,,,
2.3.4,QUKE FOCAL,KSKC,2493,,,0.9,,,
2.3.5,QUKE FOCAL,SSSC,2370,,,1.3,,,
2.3.5,QUKE FOCAL,SSSC,2370,,,0.4,,,
2.3.5,QUKE FOCAL,SSSC,2370,,,0.5,,,
2.3.5,QUKE FOCAL,SSSC,2370,,,1.2,,,
2.3.5,QUKE FOCAL,SSSC,2370,,,1.2,,,
2.3.5,QUKE FOCAL,SSSC,2370,,,0.9,,,
2.3.5,QUKE FOCAL,SSSC,2370,,,0.4,,,
2.3.5,QUKE FOCAL,SSSC,2370,,,0.4,,,
2.3.5,QUKE FOCAL,SSSC,2370,,,0.5,,,
2.3.5,QUKE FOCAL,SSSC,2370,,,0.5,,,
2.3.5,QUKE FOCAL,SSSC,2370,,,0.7,,,
2.3.5,QUKE FOCAL,SSSC,2370,,,7,,,
2.3.5,QUKE FOCAL,SSSC,2370,,,0.4,,,
2.3.5,QUKE FOCAL,SSSC,2370,,,0.5,,,
2.3.5,QUKE FOCAL,SSSC,2370,,,0.5,,,
2.3.5,QUKE FOCAL,SSSC,2370,,,1.1,,,
2.3.5,QUKE FOCAL,SSSC,2370,,,0.7,,,
2.3.5,QUKE FOCAL,SSSC,2370,,,0.4,,,
2.3.6,QUKE FOCAL,SSKC,0,,,1.8,,,
2.3.6,QUKE FOCAL,SSKC,0,,,1,,,
2.3.6,QUKE FOCAL,SSKC,0,,,0.5,,,
2.3.6,QUKE FOCAL,SSKC,0,,,1.8,,,
2.3.6,QUKE FOCAL,SSKC,0,,,1.4,,,
2.3.6,QUKE FOCAL,SSKC,0,,,2.8,,,
2.3.6,QUKE FOCAL,SSKC,0,,,2.4,,,
2.3.6,QUKE FOCAL,SSKC,0,,,2.5,,,
2.3.6,QUKE FOCAL,SSKC,0,,,0.8,,,
2.3.6,QUKE FOCAL,SSKC,0,,,0.8,,,
2.3.6,QUKE FOCAL,SSKC,0,,,4.1,,,
2.3.6,QUKE FOCAL,SSKC,0,,,2.1,,,
2.3.6,QUKE FOCAL,SSKC,0,,,1.2,,,
2.3.6,QUKE FOCAL,SSKC,0,,,1.8,,,
2.3.6,QUKE FOCAL,SSKC,0,,,2.2,,,
2.3.6,QUKE FOCAL,SSKC,0,,,0.9,,,
2.3.6,QUKE FOCAL,SSKC,0,,,1.5,,,
2.3.6,QUKE FOCAL,SSKC,0,,,2.3,,,
2.3.6,QUKE FOCAL,SSKC,0,,,1.4,,,
2.3.6,QUKE FOCAL,SSKC,0,,,1.5,,,
2.3.6,QUKE FOCAL,SSKC,0,,,1.2,,,
2.3.6,QUKE FOCAL,SSKC,0,,,1.3,,,
2.3.6,QUKE FOCAL,SSKC,0,,,2.2,,,
2.3.6,QUKE FOCAL,SSKC,0,,,3.4,,,
2.3.6,QUKE FOCAL,SSKC,0,,,0.7,,,
2.3.6,QUKE FOCAL,SSKC,0,,,0.6,,,
2.3.6,QUKE FOCAL,SSKC,0,,,3,,,
2.3.6,QUKE FOCAL,SSKC,0,,,1.3,,,
2.3.6,QUKE FOCAL,SSKC,0,,,1.6,,,
2.3.6,QUKE FOCAL,SSKC,0,,,1.3,,,
2.3.6,QUKE FOCAL,SSKC,0,,,1.3,,,
2.3.6,QUKE FOCAL,SSKC,0,,,0.7,,,
2.4.1,QUKE FOCAL,SSKC,2394,3.6,,2.5,,,4 chips k abcos
2.4.1,QUKE FOCAL,SSKC,2394,3,,3.5,,,
2.4.1,QUKE FOCAL,SSKC,2394,,,1,,,
2.4.1,QUKE FOCAL,SSKC,2394,,,1,,,
2.4.1,QUKE FOCAL,SSKC,2394,,,1.6,,,
2.4.1,QUKE FOCAL,SSKC,2394,,,2.6,,,
2.4.1,QUKE FOCAL,SSKC,2394,,,2.1,,,
2.4.1,QUKE FOCAL,SSKC,2394,,,0.7,,,
2.4.1,QUKE FOCAL,SSKC,2394,,,1.4,,,
2.4.1,QUKE FOCAL,SSKC,2394,,,1.9,,,
2.4.1,QUKE FOCAL,SSKC,2394,,,1,,,
2.4.1,QUKE FOCAL,SSKC,2394,,,1.6,,,
2.4.1,QUKE FOCAL,SSKC,2394,,,1.3,,,
2.4.1,QUKE FOCAL,SSKC,2394,,,1.6,,,
2.4.2,QUKE FOCAL,KC,2379,0.4,,0.5,,,heavily grazed sps short
2.4.2,QUKE FOCAL,KC,2379,0.3,,0.6,,,
2.4.2,QUKE FOCAL,KC,2379,0.3,,0.6,,,
2.4.2,QUKE FOCAL,KC,2379,0.3,,0.4,,,
2.4.2,QUKE FOCAL,KC,2379,0.5,,0.4,,,
2.4.2,QUKE FOCAL,KC,2379,,,0.5,,,
2.4.2,QUKE FOCAL,KC,2379,,,1,,,
2.4.2,QUKE FOCAL,KC,2379,,,0.2,,,
2.4.2,QUKE FOCAL,KC,2379,,,0.3,,,
2.4.2,QUKE FOCAL,KC,2379,,,0.3,,,
2.4.2,QUKE FOCAL,KC,2379,,,0.5,,,
2.4.2,QUKE FOCAL,KC,2379,,,0.3,,,
2.4.2,QUKE FOCAL,KC,2379,,,1.3,,,
2.4.2,QUKE FOCAL,KC,2379,,,0.6,,,
2.4.2,QUKE FOCAL,KC,2379,,,0.4,,,
2.4.2,QUKE FOCAL,KC,2379,,,0.6,,,
2.4.2,QUKE FOCAL,KC,2379,,,0.9,,,
2.4.2,QUKE FOCAL,KC,2379,,,0.4,,,
2.4.2,QUKE FOCAL,KC,2379,,,0.5,,,
2.4.2,QUKE FOCAL,KC,2379,,,0.5,,,
2.4.2,QUKE FOCAL,KC,2379,,,0.3,,,
2.4.2,QUKE FOCAL,KC,2379,,,0.4,,,
2.4.2,QUKE FOCAL,KC,2379,,,0.6,,,
2.4.2,QUKE FOCAL,KC,2379,,,0.3,,,
2.4.2,QUKE FOCAL,KC,2379,,,0.5,,,
2.4.2,QUKE FOCAL,KC,2379,,,0.6,,,
2.4.2,QUKE FOCAL,KC,2379,,,0.5,,,
2.4.2,QUKE FOCAL,KC,2379,,,0.6,,,
2.4.2,QUKE FOCAL,KC,2379,,,0.5,,,
2.4.2,QUKE FOCAL,KC,2379,,,0.4,,,
2.4.2,QUKE FOCAL,KC,2379,,,0.6,,,
2.4.2,QUKE FOCAL,KC,2379,,,0.5,,,
2.4.2,QUKE FOCAL,KC,2379,,,0.5,,,
2.4.2,QUKE FOCAL,KC,2379,,,0.4,,,
2.4.2,QUKE FOCAL,KC,2379,,,0.8,,,
2.4.2,QUKE FOCAL,KC,2379,,,0.6,,,
2.4.2,QUKE FOCAL,KC,2379,,,0.7,,,
2.4.2,QUKE FOCAL,KC,2379,,,0.9,,,
2.4.2,QUKE FOCAL,KC,2379,,,0.5,,,
2.4.2,QUKE FOCAL,KC,2379,,,0.4,,,
2.4.2,QUKE FOCAL,KC,2379,,,0.4,,,
2.4.2,QUKE FOCAL,KC,2379,,,0.6,,,
2.4.2,QUKE FOCAL,KC,2379,,,0.4,,,
2.4.2,QUKE FOCAL,KC,2379,,,0.4,,,
2.4.2,QUKE FOCAL,KC,2379,,,0.5,,,
2.4.2,QUKE FOCAL,KC,2379,,,0.3,,,
2.4.3,QUKE FOCAL,KC,2382,,,0.7,,,"lg pre-sto snag, chips sps grazed heavily"
2.4.3,QUKE FOCAL,KC,2382,,,0.9,,,
2.4.3,QUKE FOCAL,KC,2382,,,1.7,,,
2.4.3,QUKE FOCAL,KC,2382,,,1.8,,,
2.4.3,QUKE FOCAL,KC,2382,,,0.6,,,
2.4.3,QUKE FOCAL,KC,2382,,,0.6,,,
2.4.3,QUKE FOCAL,KC,2382,,,0.3,,,
2.4.3,QUKE FOCAL,KC,2382,,,0.4,,,
2.4.3,QUKE FOCAL,KC,2382,,,0.7,,,
2.4.3,QUKE FOCAL,KC,2382,,,0.3,,,
2.4.3,QUKE FOCAL,KC,2382,,,0.4,,,
2.4.3,QUKE FOCAL,KC,2382,,,0.3,,,
2.4.3,QUKE FOCAL,KC,2382,,,0.2,,,
2.4.3,QUKE FOCAL,KC,2382,,,0.3,,,
2.4.3,QUKE FOCAL,KC,2382,,,0.3,,,
2.4.3,QUKE FOCAL,KC,2382,,,0.3,,,
2.4.3,QUKE FOCAL,KC,2382,,,0.6,,,
2.4.3,QUKE FOCAL,KC,2382,,,0.4,,,
2.4.3,QUKE FOCAL,KC,2382,,,0.9,,,
2.4.3,QUKE FOCAL,KC,2382,,,0.4,,,
2.4.3,QUKE FOCAL,KC,2382,,,0.4,,,
2.4.3,QUKE FOCAL,KC,2382,,,0.4,,,
2.4.3,QUKE FOCAL,KC,2382,,,0.5,,,
2.4.3,QUKE FOCAL,KC,2382,,,0.6,,,
2.4.3,QUKE FOCAL,KC,2382,,,0.4,,,
2.4.3,QUKE FOCAL,KC,2382,,,0.4,,,
2.4.3,QUKE FOCAL,KC,2382,,,0.3,,,
2.4.3,QUKE FOCAL,KC,2382,,,0.5,,,
2.4.3,QUKE FOCAL,KC,2382,,,0.6,,,
2.4.3,QUKE FOCAL,KC,2382,,,0.7,,,
2.4.3,QUKE FOCAL,KC,2382,,,0.4,,,
2.4.3,QUKE FOCAL,KC,2382,,,0.4,,,
2.4.3,QUKE FOCAL,KC,2382,,,0.5,,,
2.4.3,QUKE FOCAL,KC,2382,,,1,,,
2.4.3,QUKE FOCAL,KC,2382,,,0.7,,,
2.4.3,QUKE FOCAL,KC,2382,,,1,,,
2.4.3,QUKE FOCAL,KC,2382,,,0.3,,,
2.4.3,QUKE FOCAL,KC,2382,,,0.3,,,
2.4.3,QUKE FOCAL,KC,2382,,,0.3,,,
2.4.3,QUKE FOCAL,KC,2382,,,1,,,
2.4.3,QUKE FOCAL,KC,2382,,,0.5,,,
2.4.3,QUKE FOCAL,KC,2382,,,0.3,,,
2.4.3,QUKE FOCAL,KC,2382,,,1.1,,,
2.4.3,QUKE FOCAL,KC,2382,,,0.4,,,
2.4.3,QUKE FOCAL,KC,2382,,,0.5,,,
2.4.3,QUKE FOCAL,KC,2382,,,0.5,,,
2.4.3,QUKE FOCAL,KC,2382,,,0.5,,,
2.4.3,QUKE FOCAL,KC,2382,,,0.5,,,
2.4.3,QUKE FOCAL,KC,2382,,,1,,,
2.4.3,QUKE FOCAL,KC,2382,,,0.8,,,
2.4.3,QUKE FOCAL,KC,2382,,,0.3,,,
2.4.3,QUKE FOCAL,KC,2382,,,0.3,,,
2.4.3,QUKE FOCAL,KC,2382,,,0.3,,,
2.4.3,QUKE FOCAL,KC,2382,,,0.3,,,
2.4.4,QUKE FOCAL,SSKC,2378,,,2.1,,,
2.4.4,QUKE FOCAL,SSKC,2378,,,2.7,,,
2.4.4,QUKE FOCAL,SSKC,2378,,,1.1,,,
2.4.4,QUKE FOCAL,SSKC,2378,,,1.7,,,
2.4.4,QUKE FOCAL,SSKC,2378,,,1.1,,,
2.4.4,QUKE FOCAL,SSKC,2378,,,2.4,,,
2.4.4,QUKE FOCAL,SSKC,2378,,,2.2,,,
2.4.4,QUKE FOCAL,SSKC,2378,,,1.2,,,
2.4.4,QUKE FOCAL,SSKC,2378,,,2.7,,,
2.4.4,QUKE FOCAL,SSKC,2378,,,0.7,,,
2.4.4,QUKE FOCAL,SSKC,2378,,,1.3,,,
2.4.4,QUKE FOCAL,SSKC,2378,,,1.2,,,
2.4.4,QUKE FOCAL,SSKC,2378,,,1.5,,,
2.4.4,QUKE FOCAL,SSKC,2378,,,0.8,,,
2.4.4,QUKE FOCAL,SSKC,2378,,,0.8,,,
2.4.4,QUKE FOCAL,SSKC,2378,,,0.9,,,
2.4.4,QUKE FOCAL,SSKC,2378,,,1.2,,,
2.4.4,QUKE FOCAL,SSKC,2378,,,2,,,
2.4.4,QUKE FOCAL,SSKC,2378,,,0.9,,,
2.4.4,QUKE FOCAL,SSKC,2378,,,1.3,,,
2.4.4,QUKE FOCAL,SSKC,2378,,,1.2,,,
2.4.4,QUKE FOCAL,SSKC,2378,,,2.2,,,
2.4.4,QUKE FOCAL,SSKC,2378,,,0.8,,,
2.4.4,QUKE FOCAL,SSKC,2378,,,0.8,,,
2.4.4,QUKE FOCAL,SSKC,2378,,,0.8,,,
2.4.4,QUKE FOCAL,SSKC,2378,,,1.3,,,
2.4.4,QUKE FOCAL,SSKC,2378,,,1.8,,,
2.4.4,QUKE FOCAL,SSKC,2378,,,0.7,,,
2.4.4,QUKE FOCAL,SSKC,2378,,,0.4,,,
2.4.4,QUKE FOCAL,SSKC,2378,,,0.8,,,
2.4.4,QUKE FOCAL,SSKC,2378,,,2.1,,,
2.4.4,QUKE FOCAL,SSKC,2378,,,0.9,,,
2.4.4,QUKE FOCAL,SSKC,2378,,,1.5,,,
2.4.4,QUKE FOCAL,SSKC,2378,,,1.8,,,
2.4.4,QUKE FOCAL,SSKC,2378,,,0.9,,,
2.4.4,QUKE FOCAL,SSKC,2378,,,0.5,,,
2.4.4,QUKE FOCAL,SSKC,2378,,,1.8,,,
2.4.4,QUKE FOCAL,SSKC,2378,,,1.8,,,
2.4.4,QUKE FOCAL,SSKC,2378,,,2.8,,,
2.4.4,QUKE FOCAL,SSKC,2378,,,0.8,,,
2.4.4,QUKE FOCAL,SSKC,2378,,,0.9,,,
2.4.4,QUKE FOCAL,SSKC,2378,,,0.9,,,
2.4.4,QUKE FOCAL,SSKC,2378,,,0.9,,,
2.4.4,QUKE FOCAL,SSKC,2378,,,1.6,,,
2.4.4,QUKE FOCAL,SSKC,2378,,,2.1,,,
2.4.4,QUKE FOCAL,SSKC,2378,,,2.9,,,
2.4.4,QUKE FOCAL,SSKC,2378,,,1.2,,,
2.4.4,QUKE FOCAL,SSKC,2378,,,1.3,,,
2.4.4,QUKE FOCAL,SSKC,2378,,,3,,,
2.4.5,QUKE FOCAL,SSKC,2404,,,0.6,,,
2.4.5,QUKE FOCAL,SSKC,2404,,,1.3,,,
2.4.5,QUKE FOCAL,SSKC,2404,,,0.7,,,
2.4.5,QUKE FOCAL,SSKC,2404,,,1.2,,,
2.4.5,QUKE FOCAL,SSKC,2404,,,0.4,,,
2.4.5,QUKE FOCAL,SSKC,2404,,,3.3,,,
2.4.5,QUKE FOCAL,SSKC,2404,,,0.6,,,
2.4.5,QUKE FOCAL,SSKC,2404,,,0.7,,,
2.4.5,QUKE FOCAL,SSKC,2404,,,1.3,,,
2.4.5,QUKE FOCAL,SSKC,2404,,,2.1,,,
2.4.5,QUKE FOCAL,SSKC,2404,,,1.6,,,
2.4.5,QUKE FOCAL,SSKC,2404,,,0.5,,,
2.4.5,QUKE FOCAL,SSKC,2404,,,1.7,,,
2.4.5,QUKE FOCAL,SSKC,2404,,,1,,,
2.4.5,QUKE FOCAL,SSKC,2404,,,1.7,,,
2.4.5,QUKE FOCAL,SSKC,2404,,,1.5,,,
2.4.5,QUKE FOCAL,SSKC,2404,,,1,,,
2.4.5,QUKE FOCAL,SSKC,2404,,,1.5,,,
2.4.5,QUKE FOCAL,SSKC,2404,,,1.6,,,
2.4.5,QUKE FOCAL,SSKC,2404,,,0.7,,,
2.4.5,QUKE FOCAL,SSKC,2404,,,1,,,
2.4.5,QUKE FOCAL,SSKC,2404,,,1.3,,,
2.4.5,QUKE FOCAL,SSKC,2404,,,2.1,,,
2.4.5,QUKE FOCAL,SSKC,2404,,,2,,,
2.4.5,QUKE FOCAL,SSKC,2404,,,1.2,,,
2.4.5,QUKE FOCAL,SSKC,2404,,,0.8,,,
2.4.5,QUKE FOCAL,SSKC,2404,,,0.7,,,
2.4.5,QUKE FOCAL,SSKC,2404,,,0.6,,,
2.4.5,QUKE FOCAL,SSKC,2404,,,1.2,,,
2.4.5,QUKE FOCAL,SSKC,2404,,,1.8,,,
2.4.5,QUKE FOCAL,SSKC,2404,,,0.6,,,
2.4.5,QUKE FOCAL,SSKC,2404,,,1.5,,,
2.4.5,QUKE FOCAL,SSKC,2404,,,1.4,,,
2.4.5,QUKE FOCAL,SSKC,2404,,,1.6,,,
2.4.6,QUKE FOCAL,SSKC,2413,,3.7,1.3,,,
2.4.6,QUKE FOCAL,SSKC,2413,,3.9,2.4,,,
2.4.6,QUKE FOCAL,SSKC,2413,,2.4,0.4,,,
2.4.6,QUKE FOCAL,SSKC,2413,,,2.1,,,
2.4.6,QUKE FOCAL,SSKC,2413,,,2.3,,,
2.4.6,QUKE FOCAL,SSKC,2413,,,2.5,,,
2.4.6,QUKE FOCAL,SSKC,2413,,,1.2,,,
2.4.6,QUKE FOCAL,SSKC,2413,,,0.7,,,
2.4.6,QUKE FOCAL,SSKC,2413,,,1.4,,,
2.4.6,QUKE FOCAL,SSKC,2413,,,1.9,,,
2.4.6,QUKE FOCAL,SSKC,2413,,,0.6,,,
2.4.6,QUKE FOCAL,SSKC,2413,,,1,,,
2.4.6,QUKE FOCAL,SSKC,2413,,,0.7,,,
2.4.6,QUKE FOCAL,SSKC,2413,,,0.7,,,
2.4.6,QUKE FOCAL,SSKC,2413,,,0.6,,,
2.4.6,QUKE FOCAL,SSKC,2413,,,0.4,,,
2.4.6,QUKE FOCAL,SSKC,2413,,,1.7,,,
2.4.6,QUKE FOCAL,SSKC,2413,,,1.3,,,
2.4.6,QUKE FOCAL,SSKC,2413,,,0.9,,,
2.4.6,QUKE FOCAL,SSKC,2413,,,1.5,,,
2.4.6,QUKE FOCAL,SSKC,2413,,,0.9,,,
2.4.6,QUKE FOCAL,SSKC,2413,,,0.7,,,
2.4.6,QUKE FOCAL,SSKC,2413,,,1.7,,,
2.4.6,QUKE FOCAL,SSKC,2413,,,0.7,,,
2.4.6,QUKE FOCAL,SSKC,2413,,,0.6,,,
2.4.6,QUKE FOCAL,SSKC,2413,,,1,,,
2.4.6,QUKE FOCAL,SSKC,2413,,,2.2,,,
2.4.6,QUKE FOCAL,SSKC,2413,,,1.2,,,
2.4.6,QUKE FOCAL,SSKC,2413,,,2.4,,,
2.4.6,QUKE FOCAL,SSKC,2413,,,1.4,,,
2.4.6,QUKE FOCAL,SSKC,2413,,,1.2,,,
2.4.6,QUKE FOCAL,SSKC,2413,,,3.6,,,
2.4.6,QUKE FOCAL,SSKC,2413,,,2,,,
2.4.6,QUKE FOCAL,SSKC,2413,,,3.1,,,
2.4.6,QUKE FOCAL,SSKC,2413,,,0.6,,,
2.4.6,QUKE FOCAL,SSKC,2413,,,0.9,,,
3.1.1,QUKE FOCAL,KSSC,2403,,,,7.8,,
3.1.1,QUKE FOCAL,KSSC,2403,,,,4.9,,
3.1.1,QUKE FOCAL,KSSC,2403,,,,1.9,,
3.1.1,QUKE FOCAL,KSSC,2403,,,,1.1,,
3.1.1,QUKE FOCAL,KSSC,2403,,,,2.1,,
3.1.1,QUKE FOCAL,KSSC,2403,,,,1.4,,
3.1.2,QUKE FOCAL,SSSC,2390,,,,4.5,,
3.1.2,QUKE FOCAL,SSSC,2390,,,,1.7,,
3.1.3,QUKE FOCAL,KSSC,2387,1.2,,,0.8,,
3.1.3,QUKE FOCAL,KSSC,2387,0.7,,,1.6,,
3.1.3,QUKE FOCAL,KSSC,2387,0.6,,,2.3,,
3.1.3,QUKE FOCAL,KSSC,2387,0.5,,,3.8,,
3.1.3,QUKE FOCAL,KSSC,2387,0.3,,,2.5,,
3.1.3,QUKE FOCAL,KSSC,2387,,,,4.8,,
3.1.4,QUKE FOCAL,KSSC,2364,2.5,,,6.5,,
3.1.4,QUKE FOCAL,KSSC,2364,,,,3.4,,
3.1.4,QUKE FOCAL,KSSC,2364,,,,1.3,,
3.1.5,QUKE FOCAL,KSSC,2361,,5.2,,18.1,,
3.1.5,QUKE FOCAL,KSSC,2361,,,,8.1,,
3.1.5,QUKE FOCAL,KSSC,2361,,,,4.8,,
3.1.5,QUKE FOCAL,KSSC,2361,,,,4.3,,
3.1.5,QUKE FOCAL,KSSC,2361,,,,3.3,,
3.1.5,QUKE FOCAL,KSSC,2361,,,,2,,
3.1.5,QUKE FOCAL,KSSC,2361,,,,2.6,,
3.1.5,QUKE FOCAL,KSSC,2361,,,,8.9,,
3.1.5,QUKE FOCAL,KSSC,2361,,,,8.3,,
3.1.5,QUKE FOCAL,KSSC,2361,,,,2.3,,
3.1.5,QUKE FOCAL,KSSC,2361,,,,2.4,,
3.1.5,QUKE FOCAL,KSSC,2361,,,,15.8,,
3.1.5,QUKE FOCAL,KSSC,2361,,,,2.2,,
3.1.6,QUKE FOCAL,KSSC,2367,,,,6.7,,
3.1.6,QUKE FOCAL,KSSC,2367,,,,2.7,,
3.1.6,QUKE FOCAL,KSSC,2367,,,,1.5,,
3.1.6,QUKE FOCAL,KSSC,2367,,,,0.9,,
3.1.6,QUKE FOCAL,KSSC,2367,,,,0.8,,
3.1.6,QUKE FOCAL,KSSC,2367,,,,8.4,,
3.1.6,QUKE FOCAL,KSSC,2367,,,,2.6,,
3.1.6,QUKE FOCAL,KSSC,2367,,,,4.3,,
3.1.6,QUKE FOCAL,KSSC,2367,,,,2.9,,
3.1.6,QUKE FOCAL,KSSC,2367,,,,2.3,,
3.1.6,QUKE FOCAL,KSSC,2367,,,,1.6,,
3.1.6,QUKE FOCAL,KSSC,2367,,,,2.1,,
3.1.6,QUKE FOCAL,KSSC,2367,,,,3,,
3.1.6,QUKE FOCAL,KSSC,2367,,,,6.4,,
3.1.6,QUKE FOCAL,KSSC,2367,,,,5.3,,
3.1.6,QUKE FOCAL,KSSC,2367,,,,2,,
3.1.6,QUKE FOCAL,KSSC,2367,,,,3,,
3.1.6,QUKE FOCAL,KSSC,2367,,,,1.9,,
3.1.6,QUKE FOCAL,KSSC,2367,,,,1.5,,
3.2.1,QUKE FOCAL,SSSC,2312,,,,,,
3.2.2,QUKE FOCAL,SSKC,2315,,,0.8,,,"oak environs: 11 live ABCO, 5 live CATE, 2 live QUKE, 2 live PIPO"
3.2.2,QUKE FOCAL,SSKC,2315,,,1.1,,,"dead; 5 CATE, 3 ABCO, 1 QUKE"
3.2.2,QUKE FOCAL,SSKC,2315,,,0.7,,,
3.2.3,QUKE FOCAL,SSSC,2485,0.6,,,,3,
3.2.3,QUKE FOCAL,SSSC,2485,2.1,,,,2.8,
3.2.3,QUKE FOCAL,SSSC,2485,1.1,,,,1.9,
3.2.3,QUKE FOCAL,SSSC,2485,1.1,,,,1.5,
3.2.3,QUKE FOCAL,SSSC,2485,2.2,,,,0.9,
3.2.3,QUKE FOCAL,SSSC,2485,0.1,,,,0.7,
3.2.3,QUKE FOCAL,SSSC,2485,0.3,,,,2,
3.2.3,QUKE FOCAL,SSSC,2485,0.5,,,,0.6,
3.2.3,QUKE FOCAL,SSSC,2485,0.2,,,,1.1,
3.2.3,QUKE FOCAL,SSSC,2485,0.5,,,,0.8,
3.2.3,QUKE FOCAL,SSSC,2485,0.3,,,,1.7,
3.2.3,QUKE FOCAL,SSSC,2485,1.7,,,,1,
3.2.3,QUKE FOCAL,SSSC,2485,4.4,,,,1,
3.2.3,QUKE FOCAL,SSSC,2485,5,,,,1.2,
3.2.3,QUKE FOCAL,SSSC,2485,7.8,,,,1.2,
3.2.3,QUKE FOCAL,SSSC,2485,10.1,,,,1.6,
3.2.3,QUKE FOCAL,SSSC,2485,0.6,,,,0.5,
3.2.3,QUKE FOCAL,SSSC,2485,0.6,,,,1.6,
3.2.3,QUKE FOCAL,SSSC,2485,5.3,,,,1.7,
3.2.3,QUKE FOCAL,SSSC,2485,2.8,,,,1.7,
3.2.3,QUKE FOCAL,SSSC,2485,4.8,,,,1.7,
3.2.3,QUKE FOCAL,SSSC,2485,3.6,,,,0.8,
3.2.3,QUKE FOCAL,SSSC,2485,6.7,,,,2,
3.2.3,QUKE FOCAL,SSSC,2485,0.5,,,,1,
3.2.3,QUKE FOCAL,SSSC,2485,0.2,,,,1.9,
3.2.3,QUKE FOCAL,SSSC,2485,0.5,,,,1.4,
3.2.3,QUKE FOCAL,SSSC,2485,0.3,,,,1.2,
3.2.3,QUKE FOCAL,SSSC,2485,0.5,,,,0.4,
3.2.3,QUKE FOCAL,SSSC,2485,0.3,,,,0.5,
3.2.3,QUKE FOCAL,SSSC,2485,0.6,,,,0.6,
3.2.3,QUKE FOCAL,SSSC,2485,0.3,,,,0.8,
3.2.3,QUKE FOCAL,SSSC,2485,0.3,,,,1,
3.2.3,QUKE FOCAL,SSSC,2485,0.2,,,,1.1,
3.2.3,QUKE FOCAL,SSSC,2485,0.4,,,,1,
3.2.3,QUKE FOCAL,SSSC,2485,0.8,,,,1.1,
3.2.3,QUKE FOCAL,SSSC,2485,2,,,,1,
3.2.3,QUKE FOCAL,SSSC,2485,2.1,,,,1.7,
3.2.3,QUKE FOCAL,SSSC,2485,0.2,,,,0.8,
3.2.3,QUKE FOCAL,SSSC,2485,0.4,,,,0.9,
3.2.3,QUKE FOCAL,SSSC,2485,2.4,,,,2.8,
3.2.3,QUKE FOCAL,SSSC,2485,0.3,,,,1.7,
3.2.3,QUKE FOCAL,SSSC,2485,4,,,,1.8,
3.2.3,QUKE FOCAL,SSSC,2485,2.4,,,,1.6,
3.2.3,QUKE FOCAL,SSSC,2485,1.7,,,,1.2,
3.2.3,QUKE FOCAL,SSSC,2485,1.1,,,,1.2,
3.2.3,QUKE FOCAL,SSSC,2485,0.6,,,,0.6,
3.2.3,QUKE FOCAL,SSSC,2485,0.2,,,,0.5,
3.2.3,QUKE FOCAL,SSSC,2485,0.3,,,,1.4,
3.2.3,QUKE FOCAL,SSSC,2485,0.1,,,,1,
3.2.3,QUKE FOCAL,SSSC,2485,0.1,,,,0.3,
3.2.3,QUKE FOCAL,SSSC,2485,0.5,,,,0.4,
3.2.3,QUKE FOCAL,SSSC,2485,1.6,,,,0.7,
3.2.3,QUKE FOCAL,SSSC,2485,2.5,,,,,
3.2.3,QUKE FOCAL,SSSC,2485,2.3,,,,,
3.2.3,QUKE FOCAL,SSSC,2485,0.3,,,,,
3.2.3,QUKE FOCAL,SSSC,2485,0.6,,,,,
3.2.3,QUKE FOCAL,SSSC,2485,0.2,,,,,
3.2.3,QUKE FOCAL,SSSC,2485,0.5,,,,,
3.2.3,QUKE FOCAL,SSSC,2485,0.3,,,,,
3.2.4,QUKE FOCAL,KSKC,2381,0.2,3.6,1.2,,,
3.2.4,QUKE FOCAL,KSKC,2381,0.4,2.3,0.6,,,
3.2.4,QUKE FOCAL,KSKC,2381,0.2,3.2,1.2,,,
3.2.4,QUKE FOCAL,KSKC,2381,0.2,4.3,1.3,,,
3.2.4,QUKE FOCAL,KSKC,2381,0.1,2.2,1,,,
3.2.4,QUKE FOCAL,KSKC,2381,0.1,2,0.7,,,
3.2.4,QUKE FOCAL,KSKC,2381,0.3,2.8,0.6,,,
3.2.4,QUKE FOCAL,KSKC,2381,0.1,2.3,0.8,,,
3.2.4,QUKE FOCAL,KSKC,2381,0.2,,1.1,,,
3.2.4,QUKE FOCAL,KSKC,2381,0.2,,1.4,,,
3.2.4,QUKE FOCAL,KSKC,2381,0.2,,1,,,
3.2.4,QUKE FOCAL,KSKC,2381,0.3,,0.7,,,
3.2.4,QUKE FOCAL,KSKC,2381,0.3,,0.3,,,
3.2.4,QUKE FOCAL,KSKC,2381,0.2,,1.3,,,
3.2.4,QUKE FOCAL,KSKC,2381,0.3,,0.5,,,
3.2.4,QUKE FOCAL,KSKC,2381,0.2,,1.5,,,
3.2.4,QUKE FOCAL,KSKC,2381,,,1.3,,,
3.2.4,QUKE FOCAL,KSKC,2381,,,0.4,,,
3.2.4,QUKE FOCAL,KSKC,2381,,,0.4,,,
3.2.4,QUKE FOCAL,KSKC,2381,,,0.3,,,
3.2.4,QUKE FOCAL,KSKC,2381,,,0.4,,,
3.2.4,QUKE FOCAL,KSKC,2381,,,1,,,
3.2.4,QUKE FOCAL,KSKC,2381,,,1,,,
3.2.4,QUKE FOCAL,KSKC,2381,,,0.6,,,
3.2.4,QUKE FOCAL,KSKC,2381,,,0.3,,,
3.2.4,QUKE FOCAL,KSKC,2381,,,1.1,,,
3.2.4,QUKE FOCAL,KSKC,2381,,,1.3,,,
3.2.4,QUKE FOCAL,KSKC,2381,,,0.7,,,
3.2.4,QUKE FOCAL,KSKC,2381,,,1.8,,,
3.2.4,QUKE FOCAL,KSKC,2381,,,1,,,
3.2.4,QUKE FOCAL,KSKC,2381,,,0.6,,,
3.2.4,QUKE FOCAL,KSKC,2381,,,0.4,,,
3.2.4,QUKE FOCAL,KSKC,2381,,,0.4,,,
3.2.4,QUKE FOCAL,KSKC,2381,,,0.4,,,
3.2.4,QUKE FOCAL,KSKC,2381,,,0.5,,,
3.2.4,QUKE FOCAL,KSKC,2381,,,0.8,,,
3.2.4,QUKE FOCAL,KSKC,2381,,,1.4,,,
3.2.4,QUKE FOCAL,KSKC,2381,,,0.6,,,
3.2.4,QUKE FOCAL,KSKC,2381,,,0.6,,,
3.2.4,QUKE FOCAL,KSKC,2381,,,1,,,
3.2.4,QUKE FOCAL,KSKC,2381,,,0.7,,,
3.2.4,QUKE FOCAL,KSKC,2381,,,2,,,
3.2.4,QUKE FOCAL,KSKC,2381,,,2,,,
3.2.4,QUKE FOCAL,KSKC,2381,,,0.6,,,
3.2.4,QUKE FOCAL,KSKC,2381,,,1.1,,,
3.2.4,QUKE FOCAL,KSKC,2381,,,1,,,
3.2.4,QUKE FOCAL,KSKC,2381,,,0.8,,,
3.2.4,QUKE FOCAL,KSKC,2381,,,0.6,,,
3.2.4,QUKE FOCAL,KSKC,2381,,,0.9,,,
3.2.4,QUKE FOCAL,KSKC,2381,,,0.6,,,
3.2.4,QUKE FOCAL,KSKC,2381,,,0.3,,,
3.2.4,QUKE FOCAL,KSKC,2381,,,0.3,,,
3.2.4,QUKE FOCAL,KSKC,2381,,,1,,,
3.2.5,QUKE FOCAL,KSSC,2362,,3.8,1.2,8.1,,
3.2.5,QUKE FOCAL,KSSC,2362,,7.3,1.8,9.3,,
3.2.5,QUKE FOCAL,KSSC,2362,,3.1,1.4,9.8,,
3.2.5,QUKE FOCAL,KSSC,2362,,2.6,0.5,9.1,,
3.2.5,QUKE FOCAL,KSSC,2362,,2.3,1.2,14.9,,
3.2.5,QUKE FOCAL,KSSC,2362,,7.4,0.9,15.2,,
3.2.5,QUKE FOCAL,KSSC,2362,,5.4,0.5,,,
3.2.5,QUKE FOCAL,KSSC,2362,,1.8,0.3,,,
3.2.5,QUKE FOCAL,KSSC,2362,,0.5,0.5,,,
3.2.5,QUKE FOCAL,KSSC,2362,,2.3,0.4,,,
3.2.5,QUKE FOCAL,KSSC,2362,,,0.3,,,
3.2.5,QUKE FOCAL,KSSC,2362,,,0.8,,,
3.2.5,QUKE FOCAL,KSSC,2362,,,1.6,,,
3.2.5,QUKE FOCAL,KSSC,2362,,,1.1,,,
3.2.5,QUKE FOCAL,KSSC,2362,,,0.6,,,
3.2.5,QUKE FOCAL,KSSC,2362,,,4.1,,,
3.2.5,QUKE FOCAL,KSSC,2362,,,1.4,,,
3.2.5,QUKE FOCAL,KSSC,2362,,,0.9,,,
3.2.5,QUKE FOCAL,KSSC,2362,,,0.5,,,
3.2.5,QUKE FOCAL,KSSC,2362,,,0.6,,,
3.2.5,QUKE FOCAL,KSSC,2362,,,1.5,,,
3.2.5,QUKE FOCAL,KSSC,2362,,,0.5,,,
3.2.5,QUKE FOCAL,KSSC,2362,,,0.8,,,
3.2.6,QUKE FOCAL,KSKC,2360,,7.5,1.6,,,
3.2.6,QUKE FOCAL,KSKC,2360,,2.1,1.9,,,
3.2.6,QUKE FOCAL,KSKC,2360,,2.7,0.9,,,
3.2.6,QUKE FOCAL,KSKC,2360,,5.8,3.4,,,
3.2.6,QUKE FOCAL,KSKC,2360,,3.7,2.8,,,
3.2.6,QUKE FOCAL,KSKC,2360,,5,0.8,,,
3.2.6,QUKE FOCAL,KSKC,2360,,8.2,0.7,,,
3.2.6,QUKE FOCAL,KSKC,2360,,9.1,2,,,
3.2.6,QUKE FOCAL,KSKC,2360,,9.4,3.4,,,
3.2.6,QUKE FOCAL,KSKC,2360,,2.3,3.2,,,
3.2.6,QUKE FOCAL,KSKC,2360,,3.3,2.3,,,
3.2.6,QUKE FOCAL,KSKC,2360,,,1,,,
3.2.6,QUKE FOCAL,KSKC,2360,,,0.6,,,
3.2.6,QUKE FOCAL,KSKC,2360,,,2.6,,,
3.2.6,QUKE FOCAL,KSKC,2360,,,2.8,,,
3.2.6,QUKE FOCAL,KSKC,2360,,,1.9,,,
3.2.6,QUKE FOCAL,KSKC,2360,,,1.2,,,
3.2.6,QUKE FOCAL,KSKC,2360,,,2.8,,,
3.2.6,QUKE FOCAL,KSKC,2360,,,1.6,,,
3.2.6,QUKE FOCAL,KSKC,2360,,,0.6,,,
3.2.6,QUKE FOCAL,KSKC,2360,,,1.2,,,
3.2.6,QUKE FOCAL,KSKC,2360,,,1.2,,,
3.2.6,QUKE FOCAL,KSKC,2360,,,2,,,
3.2.6,QUKE FOCAL,KSKC,2360,,,1.1,,,
3.2.6,QUKE FOCAL,KSKC,2360,,,0.8,,,
3.2.6,QUKE FOCAL,KSKC,2360,,,0.8,,,
3.2.6,QUKE FOCAL,KSKC,2360,,,1,,,
3.2.6,QUKE FOCAL,KSKC,2360,,,1,,,
3.2.6,QUKE FOCAL,KSKC,2360,,,0.9,,,
3.2.6,QUKE FOCAL,KSKC,2360,,,1.1,,,
3.2.6,QUKE FOCAL,KSKC,2360,,,1.3,,,
3.2.6,QUKE FOCAL,KSKC,2360,,,3.3,,,
3.2.6,QUKE FOCAL,KSKC,2360,,,3.5,,,
3.2.6,QUKE FOCAL,KSKC,2360,,,1.8,,,
3.2.6,QUKE FOCAL,KSKC,2360,,,1.5,,,
3.2.6,QUKE FOCAL,KSKC,2360,,,0.9,,,
3.2.6,QUKE FOCAL,KSKC,2360,,,2.6,,,
3.2.6,QUKE FOCAL,KSKC,2360,,,0.5,,,
3.2.6,QUKE FOCAL,KSKC,2360,,,0.8,,,
3.2.6,QUKE FOCAL,KSKC,2360,,,0.8,,,
3.2.6,QUKE FOCAL,KSKC,2360,,,1.1,,,
3.2.6,QUKE FOCAL,KSKC,2360,,,1.5,,,
3.2.6,QUKE FOCAL,KSKC,2360,,,1.8,,,
3.2.6,QUKE FOCAL,KSKC,2360,,,1.3,,,
3.2.6,QUKE FOCAL,KSKC,2360,,,0.8,,,
3.2.6,QUKE FOCAL,KSKC,2360,,,2,,,
3.2.6,QUKE FOCAL,KSKC,2360,,,3.5,,,
3.2.6,QUKE FOCAL,KSKC,2360,,,2.1,,,
3.2.6,QUKE FOCAL,KSKC,2360,,,0.6,,,
3.2.6,QUKE FOCAL,KSKC,2360,,,0.5,,,
3.3.2,QUKE FOCAL,KSKC,2402,4.9,,1.6,,,
3.3.2,QUKE FOCAL,KSKC,2402,4.4,,0.5,,,
3.3.2,QUKE FOCAL,KSKC,2402,7.5,,0.4,,,
3.3.2,QUKE FOCAL,KSKC,2402,4.2,,0.6,,,
3.3.2,QUKE FOCAL,KSKC,2402,3.9,,1.3,,,
3.3.2,QUKE FOCAL,KSKC,2402,3.9,,1.4,,,
3.3.2,QUKE FOCAL,KSKC,2402,3,,2.2,,,
3.3.2,QUKE FOCAL,KSKC,2402,7.4,,2.1,,,
3.3.2,QUKE FOCAL,KSKC,2402,8,,1.7,,,
3.3.2,QUKE FOCAL,KSKC,2402,5.8,,1.3,,,
3.3.2,QUKE FOCAL,KSKC,2402,5.2,,1,,,
3.3.2,QUKE FOCAL,KSKC,2402,7.9,,1,,,
3.3.2,QUKE FOCAL,KSKC,2402,2.9,,2.4,,,
3.3.2,QUKE FOCAL,KSKC,2402,4.7,,0.9,,,
3.3.2,QUKE FOCAL,KSKC,2402,,,0.5,,,
3.3.2,QUKE FOCAL,KSKC,2402,,,1.4,,,
3.3.2,QUKE FOCAL,KSKC,2402,,,1.1,,,
3.3.2,QUKE FOCAL,KSKC,2402,,,1.3,,,
3.3.2,QUKE FOCAL,KSKC,2402,,,0.8,,,
3.3.2,QUKE FOCAL,KSKC,2402,,,2,,,
3.3.2,QUKE FOCAL,KSKC,2402,,,1.3,,,
3.3.2,QUKE FOCAL,KSKC,2402,,,1,,,
3.3.2,QUKE FOCAL,KSKC,2402,,,0.8,,,
3.3.2,QUKE FOCAL,KSKC,2402,,,1.1,,,
3.3.2,QUKE FOCAL,KSKC,2402,,,1.3,,,
3.3.2,QUKE FOCAL,KSKC,2402,,,2,,,
3.3.2,QUKE FOCAL,KSKC,2402,,,0.2,,,
3.3.2,QUKE FOCAL,KSKC,2402,,,0.6,,,
3.3.2,QUKE FOCAL,KSKC,2402,,,2.5,,,
3.3.2,QUKE FOCAL,KSKC,2402,,,0.5,,,
3.3.2,QUKE FOCAL,KSKC,2402,,,0.9,,,
3.3.2,QUKE FOCAL,KSKC,2402,,,0.7,,,
3.3.2,QUKE FOCAL,KSKC,2402,,,0.9,,,
3.3.2,QUKE FOCAL,KSKC,2402,,,0.5,,,
3.3.2,QUKE FOCAL,KSKC,2402,,,0.8,,,
3.3.2,QUKE FOCAL,KSKC,2402,,,0.5,,,
3.3.2,QUKE FOCAL,KSKC,2402,,,0.4,,,
3.3.2,QUKE FOCAL,KSKC,2402,,,1,,,
3.3.2,QUKE FOCAL,KSKC,2402,,,1,,,
3.3.2,QUKE FOCAL,KSKC,2402,,,0.8,,,
3.3.2,QUKE FOCAL,KSKC,2402,,,1.5,,,
3.3.2,QUKE FOCAL,KSKC,2402,,,1.5,,,
3.3.2,QUKE FOCAL,KSKC,2402,,,1.8,,,
3.3.2,QUKE FOCAL,KSKC,2402,,,0.9,,,
3.3.2,QUKE FOCAL,KSKC,2402,,,1.2,,,
3.3.2,QUKE FOCAL,KSKC,2402,,,1.3,,,
3.3.2,QUKE FOCAL,KSKC,2402,,,2.2,,,
3.3.2,QUKE FOCAL,KSKC,2402,,,2.6,,,
3.3.2,QUKE FOCAL,KSKC,2402,,,1.5,,,
3.3.2,QUKE FOCAL,KSKC,2402,,,0.8,,,
3.3.2,QUKE FOCAL,KSKC,2402,,,0.6,,,
3.3.2,QUKE FOCAL,KSKC,2402,,,1.5,,,
3.3.2,QUKE FOCAL,KSKC,2402,,,2.1,,,
3.3.2,QUKE FOCAL,KSKC,2402,,,1.8,,,
3.3.2,QUKE FOCAL,KSKC,2402,,,1.8,,,
3.3.2,QUKE FOCAL,KSKC,2402,,,0.9,,,
3.3.2,QUKE FOCAL,KSKC,2402,,,2.1,,,
3.3.2,QUKE FOCAL,KSKC,2402,,,0.8,,,
3.3.2,QUKE FOCAL,KSKC,2402,,,0.9,,,
3.3.2,QUKE FOCAL,KSKC,2402,,,0.5,,,
3.3.2,QUKE FOCAL,KSKC,2402,,,0.7,,,
3.3.2,QUKE FOCAL,KSKC,2402,,,0.9,,,
3.3.2,QUKE FOCAL,KSKC,2402,,,1.9,,,
3.3.2,QUKE FOCAL,KSKC,2402,,,0.8,,,
3.3.3,QUKE FOCAL,KSKC,2491,0.8,,1.9,,,"has storrie burned down, 1 storrie standing"
3.3.3,QUKE FOCAL,KSKC,2491,0.7,,0.8,,,pre-storrie focal 
3.3.3,QUKE FOCAL,KSKC,2491,0.3,,1,,,1/2 of plot in 4-4
3.3.3,QUKE FOCAL,KSKC,2491,0.5,,1,,,
3.3.3,QUKE FOCAL,KSKC,2491,4,,1.1,,,
3.3.3,QUKE FOCAL,KSKC,2491,0.6,,1,,,
3.3.3,QUKE FOCAL,KSKC,2491,0.7,,2.2,,,
3.3.3,QUKE FOCAL,KSKC,2491,5,,3.2,,,
3.3.3,QUKE FOCAL,KSKC,2491,0.4,,2,,,
3.3.3,QUKE FOCAL,KSKC,2491,0.3,,0.5,,,
3.3.3,QUKE FOCAL,KSKC,2491,0.3,,1.1,,,
3.3.3,QUKE FOCAL,KSKC,2491,6.3,,0.5,,,
3.3.3,QUKE FOCAL,KSKC,2491,0.7,,1.1,,,
3.3.3,QUKE FOCAL,KSKC,2491,0.3,,1.2,,,
3.3.3,QUKE FOCAL,KSKC,2491,0.3,,1.1,,,
3.3.3,QUKE FOCAL,KSKC,2491,0.4,,0.5,,,
3.3.3,QUKE FOCAL,KSKC,2491,0.5,,0.7,,,
3.3.3,QUKE FOCAL,KSKC,2491,0.2,,3.4,,,
3.3.3,QUKE FOCAL,KSKC,2491,4.5,,2.8,,,
3.3.3,QUKE FOCAL,KSKC,2491,,,2.3,,,
3.3.3,QUKE FOCAL,KSKC,2491,,,1.5,,,
3.3.3,QUKE FOCAL,KSKC,2491,,,1,,,
3.3.3,QUKE FOCAL,KSKC,2491,,,1.4,,,
3.3.3,QUKE FOCAL,KSKC,2491,,,1.4,,,
3.3.3,QUKE FOCAL,KSKC,2491,,,1.3,,,
3.3.3,QUKE FOCAL,KSKC,2491,,,1.2,,,
3.3.3,QUKE FOCAL,KSKC,2491,,,3,,,
3.3.3,QUKE FOCAL,KSKC,2491,,,1.8,,,
3.3.3,QUKE FOCAL,KSKC,2491,,,1.6,,,
3.3.3,QUKE FOCAL,KSKC,2491,,,1.7,,,
3.3.3,QUKE FOCAL,KSKC,2491,,,1.9,,,
3.3.3,QUKE FOCAL,KSKC,2491,,,0.4,,,
3.3.3,QUKE FOCAL,KSKC,2491,,,0.7,,,
3.3.3,QUKE FOCAL,KSKC,2491,,,0.5,,,
3.3.3,QUKE FOCAL,KSKC,2491,,,0.4,,,
3.3.3,QUKE FOCAL,KSKC,2491,,,0.5,,,
3.3.3,QUKE FOCAL,KSKC,2491,,,0.5,,,
3.3.3,QUKE FOCAL,KSKC,2491,,,0.9,,,
3.3.3,QUKE FOCAL,KSKC,2491,,,1.1,,,
3.3.3,QUKE FOCAL,KSKC,2491,,,0.8,,,
3.3.3,QUKE FOCAL,KSKC,2491,,,0.9,,,
3.3.3,QUKE FOCAL,KSKC,2491,,,3.4,,,
3.3.3,QUKE FOCAL,KSKC,2491,,,2.2,,,
3.3.3,QUKE FOCAL,KSKC,2491,,,0.6,,,
3.3.3,QUKE FOCAL,KSKC,2491,,,0.3,,,
3.3.3,QUKE FOCAL,KSKC,2491,,,1.6,,,
3.3.3,QUKE FOCAL,KSKC,2491,,,2.6,,,
3.3.3,QUKE FOCAL,KSKC,2491,,,1.4,,,
3.3.3,QUKE FOCAL,KSKC,2491,,,0.7,,,
3.3.3,QUKE FOCAL,KSKC,2491,,,1.1,,,
3.3.3,QUKE FOCAL,KSKC,2491,,,0.8,,,
3.3.3,QUKE FOCAL,KSKC,2491,,,0.9,,,
3.3.3,QUKE FOCAL,KSKC,2491,,,1.1,,,
3.3.3,QUKE FOCAL,KSKC,2491,,,0.2,,,
3.3.3,QUKE FOCAL,KSKC,2491,,,0.4,,,
3.3.4,QUKE FOCAL,KSKC,2385,2,,0.9,,,
3.3.4,QUKE FOCAL,KSKC,2385,6.2,,1.5,,,
3.3.4,QUKE FOCAL,KSKC,2385,3.2,,0.8,,,
3.3.4,QUKE FOCAL,KSKC,2385,1.6,,0.6,,,
3.3.4,QUKE FOCAL,KSKC,2385,4.5,,0.4,,,
3.3.4,QUKE FOCAL,KSKC,2385,0.9,,0.6,,,
3.3.4,QUKE FOCAL,KSKC,2385,1.5,,0.4,,,
3.3.4,QUKE FOCAL,KSKC,2385,0.2,,1.6,,,
3.3.4,QUKE FOCAL,KSKC,2385,,,0.3,,,
3.3.4,QUKE FOCAL,KSKC,2385,,,0.4,,,
3.3.4,QUKE FOCAL,KSKC,2385,,,0.5,,,
3.3.4,QUKE FOCAL,KSKC,2385,,,2.4,,,
3.3.4,QUKE FOCAL,KSKC,2385,,,1.6,,,
3.3.4,QUKE FOCAL,KSKC,2385,,,0.3,,,
3.3.4,QUKE FOCAL,KSKC,2385,,,1.8,,,
3.3.4,QUKE FOCAL,KSKC,2385,,,1,,,
3.3.4,QUKE FOCAL,KSKC,2385,,,0.3,,,
3.3.4,QUKE FOCAL,KSKC,2385,,,0.4,,,
3.3.4,QUKE FOCAL,KSKC,2385,,,0.3,,,
3.3.4,QUKE FOCAL,KSKC,2385,,,1.9,,,
3.3.4,QUKE FOCAL,KSKC,2385,,,0.4,,,
3.3.4,QUKE FOCAL,KSKC,2385,,,0.4,,,
3.3.4,QUKE FOCAL,KSKC,2385,,,0.9,,,
3.3.4,QUKE FOCAL,KSKC,2385,,,0.4,,,
3.3.4,QUKE FOCAL,KSKC,2385,,,0.5,,,
3.3.4,QUKE FOCAL,KSKC,2385,,,0.6,,,
3.3.4,QUKE FOCAL,KSKC,2385,,,0.3,,,
3.3.4,QUKE FOCAL,KSKC,2385,,,0.2,,,
3.3.4,QUKE FOCAL,KSKC,2385,,,0.1,,,
3.3.4,QUKE FOCAL,KSKC,2385,,,1.7,,,
3.3.4,QUKE FOCAL,KSKC,2385,,,1.5,,,
3.3.4,QUKE FOCAL,KSKC,2385,,,0.6,,,
3.3.4,QUKE FOCAL,KSKC,2385,,,0.3,,,
3.3.4,QUKE FOCAL,KSKC,2385,,,2.2,,,
3.3.4,QUKE FOCAL,KSKC,2385,,,0.5,,,
3.3.4,QUKE FOCAL,KSKC,2385,,,1.6,,,
3.3.4,QUKE FOCAL,KSKC,2385,,,0.5,,,
3.3.4,QUKE FOCAL,KSKC,2385,,,0.6,,,
3.3.4,QUKE FOCAL,KSKC,2385,,,2,,,
3.3.4,QUKE FOCAL,KSKC,2385,,,1.6,,,
3.3.4,QUKE FOCAL,KSKC,2385,,,0.9,,,
3.3.4,QUKE FOCAL,KSKC,2385,,,0.7,,,
3.3.4,QUKE FOCAL,KSKC,2385,,,0.4,,,
3.3.5,QUKE FOCAL,KSKC,2406,,4.2,0.8,,,
3.3.5,QUKE FOCAL,KSKC,2406,,13.1,2.6,,,
3.3.5,QUKE FOCAL,KSKC,2406,,4.3,1.5,,,
3.3.5,QUKE FOCAL,KSKC,2406,,3.5,1.1,,,
3.3.5,QUKE FOCAL,KSKC,2406,,6,1.2,,,
3.3.5,QUKE FOCAL,KSKC,2406,,3.2,0.9,,,
3.3.5,QUKE FOCAL,KSKC,2406,,4.3,1.4,,,
3.3.5,QUKE FOCAL,KSKC,2406,,5.3,0.5,,,
3.3.5,QUKE FOCAL,KSKC,2406,,1.8,1.1,,,
3.3.5,QUKE FOCAL,KSKC,2406,,2.4,0.9,,,
3.3.5,QUKE FOCAL,KSKC,2406,,3.4,2,,,
3.3.5,QUKE FOCAL,KSKC,2406,,3.8,0.6,,,
3.3.5,QUKE FOCAL,KSKC,2406,,6.6,0.6,,,
3.3.5,QUKE FOCAL,KSKC,2406,,0.6,0.8,,,
3.3.5,QUKE FOCAL,KSKC,2406,,,4.1,,,
3.3.5,QUKE FOCAL,KSKC,2406,,,1.2,,,
3.3.5,QUKE FOCAL,KSKC,2406,,,1,,,
3.3.5,QUKE FOCAL,KSKC,2406,,,1.6,,,
3.3.5,QUKE FOCAL,KSKC,2406,,,0.7,,,
3.3.5,QUKE FOCAL,KSKC,2406,,,0.9,,,
3.3.5,QUKE FOCAL,KSKC,2406,,,1.1,,,
3.3.5,QUKE FOCAL,KSKC,2406,,,2.2,,,
3.3.5,QUKE FOCAL,KSKC,2406,,,1,,,
3.3.5,QUKE FOCAL,KSKC,2406,,,1.4,,,
3.3.5,QUKE FOCAL,KSKC,2406,,,2.1,,,
3.3.5,QUKE FOCAL,KSKC,2406,,,1.8,,,
3.3.5,QUKE FOCAL,KSKC,2406,,,2.8,,,
3.3.5,QUKE FOCAL,KSKC,2406,,,2,,,
3.3.5,QUKE FOCAL,KSKC,2406,,,2.1,,,
3.3.5,QUKE FOCAL,KSKC,2406,,,0.6,,,
3.3.5,QUKE FOCAL,KSKC,2406,,,0.8,,,
3.3.5,QUKE FOCAL,KSKC,2406,,,3.5,,,
3.3.5,QUKE FOCAL,KSKC,2406,,,1.7,,,
3.3.5,QUKE FOCAL,KSKC,2406,,,2,,,
3.3.5,QUKE FOCAL,KSKC,2406,,,0.5,,,
3.3.5,QUKE FOCAL,KSKC,2406,,,1.2,,,
3.3.5,QUKE FOCAL,KSKC,2406,,,0.5,,,
3.3.5,QUKE FOCAL,KSKC,2406,,,1.1,,,
3.3.5,QUKE FOCAL,KSKC,2406,,,1.7,,,
3.3.5,QUKE FOCAL,KSKC,2406,,,2.2,,,
3.3.5,QUKE FOCAL,KSKC,2406,,,2.6,,,
3.3.5,QUKE FOCAL,KSKC,2406,,,1.2,,,
3.3.5,QUKE FOCAL,KSKC,2406,,,0.7,,,
3.3.5,QUKE FOCAL,KSKC,2406,,,1.4,,,
3.3.5,QUKE FOCAL,KSKC,2406,,,0.7,,,
3.3.5,QUKE FOCAL,KSKC,2406,,,3.3,,,
3.3.5,QUKE FOCAL,KSKC,2406,,,2.4,,,
3.3.5,QUKE FOCAL,KSKC,2406,,,2,,,
3.3.5,QUKE FOCAL,KSKC,2406,,,1.2,,,
3.3.5,QUKE FOCAL,KSKC,2406,,,2.9,,,
3.3.5,QUKE FOCAL,KSKC,2406,,,1.1,,,
3.3.5,QUKE FOCAL,KSKC,2406,,,0.5,,,
3.3.5,QUKE FOCAL,KSKC,2406,,,1,,,
3.3.5,QUKE FOCAL,KSKC,2406,,,1.3,,,
3.3.6,QUKE FOCAL,KSKC,2337,,9.7,3,,,
3.3.6,QUKE FOCAL,KSKC,2337,,7.2,1.1,,,
3.3.6,QUKE FOCAL,KSKC,2337,,11.2,1.1,,,
3.3.6,QUKE FOCAL,KSKC,2337,,12.4,2.7,,,
3.3.6,QUKE FOCAL,KSKC,2337,,,3.7,,,
3.3.6,QUKE FOCAL,KSKC,2337,,,0.9,,,
3.3.6,QUKE FOCAL,KSKC,2337,,,1.5,,,
3.3.6,QUKE FOCAL,KSKC,2337,,,1.8,,,
3.3.6,QUKE FOCAL,KSKC,2337,,,2.2,,,
3.3.6,QUKE FOCAL,KSKC,2337,,,2.1,,,
3.3.6,QUKE FOCAL,KSKC,2337,,,0.3,,,
3.3.6,QUKE FOCAL,KSKC,2337,,,1,,,
3.3.6,QUKE FOCAL,KSKC,2337,,,1.2,,,
3.3.6,QUKE FOCAL,KSKC,2337,,,4.5,,,
3.3.6,QUKE FOCAL,KSKC,2337,,,2.5,,,
3.3.6,QUKE FOCAL,KSKC,2337,,,1,,,
3.3.6,QUKE FOCAL,KSKC,2337,,,1.2,,,
3.3.6,QUKE FOCAL,KSKC,2337,,,3.7,,,
3.3.6,QUKE FOCAL,KSKC,2337,,,2.6,,,
3.3.6,QUKE FOCAL,KSKC,2337,,,0.6,,,
3.3.6,QUKE FOCAL,KSKC,2337,,,1.6,,,
3.3.6,QUKE FOCAL,KSKC,2337,,,2.2,,,
3.3.6,QUKE FOCAL,KSKC,2337,,,2.5,,,
3.3.6,QUKE FOCAL,KSKC,2337,,,2.1,,,
3.3.6,QUKE FOCAL,KSKC,2337,,,1.3,,,
3.3.6,QUKE FOCAL,KSKC,2337,,,0.5,,,
3.4.1,QUKE FOCAL,KSKC,2317,7.7,,2.5,,,
3.4.1,QUKE FOCAL,KSKC,2317,3.5,,1,,,
3.4.1,QUKE FOCAL,KSKC,2317,7,,0.8,,,
3.4.1,QUKE FOCAL,KSKC,2317,,,1.5,,,
3.4.1,QUKE FOCAL,KSKC,2317,,,1,,,
3.4.1,QUKE FOCAL,KSKC,2317,,,1.1,,,
3.4.1,QUKE FOCAL,KSKC,2317,,,0.3,,,
3.4.1,QUKE FOCAL,KSKC,2317,,,0.6,,,
3.4.1,QUKE FOCAL,KSKC,2317,,,1.4,,,
3.4.1,QUKE FOCAL,KSKC,2317,,,1.3,,,
3.4.1,QUKE FOCAL,KSKC,2317,,,0.9,,,
3.4.1,QUKE FOCAL,KSKC,2317,,,1.4,,,
3.4.1,QUKE FOCAL,KSKC,2317,,,0.6,,,
3.4.1,QUKE FOCAL,KSKC,2317,,,0.9,,,
3.4.1,QUKE FOCAL,KSKC,2317,,,0.4,,,
3.4.1,QUKE FOCAL,KSKC,2317,,,0.8,,,
3.4.1,QUKE FOCAL,KSKC,2317,,,0.6,,,
3.4.1,QUKE FOCAL,KSKC,2317,,,2,,,
3.4.1,QUKE FOCAL,KSKC,2317,,,1.6,,,
3.4.1,QUKE FOCAL,KSKC,2317,,,1.3,,,
3.4.1,QUKE FOCAL,KSKC,2317,,,1.7,,,
3.4.1,QUKE FOCAL,KSKC,2317,,,1.5,,,
3.4.1,QUKE FOCAL,KSKC,2317,,,0.6,,,
3.4.1,QUKE FOCAL,KSKC,2317,,,2.2,,,
3.4.1,QUKE FOCAL,KSKC,2317,,,0.4,,,
3.4.1,QUKE FOCAL,KSKC,2317,,,1.6,,,
3.4.1,QUKE FOCAL,KSKC,2317,,,1.8,,,
3.4.1,QUKE FOCAL,KSKC,2317,,,0.5,,,
3.4.1,QUKE FOCAL,KSKC,2317,,,1.5,,,
3.4.1,QUKE FOCAL,KSKC,2317,,,0.6,,,
3.4.1,QUKE FOCAL,KSKC,2317,,,0.5,,,
3.4.1,QUKE FOCAL,KSKC,2317,,,0.4,,,
3.4.1,QUKE FOCAL,KSKC,2317,,,0.8,,,
3.4.1,QUKE FOCAL,KSKC,2317,,,0.3,,,
3.4.1,QUKE FOCAL,KSKC,2317,,,1.6,,,
3.4.1,QUKE FOCAL,KSKC,2317,,,0.5,,,
3.4.2,QUKE FOCAL,KSKC,2313,5.5,,2.2,,,
3.4.2,QUKE FOCAL,KSKC,2313,5.5,,1.5,,,
3.4.2,QUKE FOCAL,KSKC,2313,8.9,,0.8,,,
3.4.2,QUKE FOCAL,KSKC,2313,10,,1.9,,,
3.4.2,QUKE FOCAL,KSKC,2313,,,1.6,,,
3.4.2,QUKE FOCAL,KSKC,2313,,,1.3,,,
3.4.2,QUKE FOCAL,KSKC,2313,,,0.7,,,
3.4.2,QUKE FOCAL,KSKC,2313,,,0.5,,,
3.4.2,QUKE FOCAL,KSKC,2313,,,0.9,,,
3.4.2,QUKE FOCAL,KSKC,2313,,,0.6,,,
3.4.2,QUKE FOCAL,KSKC,2313,,,1,,,
3.4.2,QUKE FOCAL,KSKC,2313,,,1.2,,,
3.4.2,QUKE FOCAL,KSKC,2313,,,1.7,,,
3.4.2,QUKE FOCAL,KSKC,2313,,,1.2,,,
3.4.2,QUKE FOCAL,KSKC,2313,,,0.7,,,
3.4.2,QUKE FOCAL,KSKC,2313,,,1.3,,,
3.4.2,QUKE FOCAL,KSKC,2313,,,0.7,,,
3.4.2,QUKE FOCAL,KSKC,2313,,,1.9,,,
3.4.2,QUKE FOCAL,KSKC,2313,,,2.8,,,
3.4.2,QUKE FOCAL,KSKC,2313,,,2.1,,,
3.4.2,QUKE FOCAL,KSKC,2313,,,2.8,,,
3.4.2,QUKE FOCAL,KSKC,2313,,,0.6,,,
3.4.2,QUKE FOCAL,KSKC,2313,,,1.2,,,
3.4.2,QUKE FOCAL,KSKC,2313,,,2.1,,,
3.4.2,QUKE FOCAL,KSKC,2313,,,2.8,,,
3.4.2,QUKE FOCAL,KSKC,2313,,,2.1,,,
3.4.2,QUKE FOCAL,KSKC,2313,,,2.7,,,
3.4.2,QUKE FOCAL,KSKC,2313,,,0.7,,,
3.4.2,QUKE FOCAL,KSKC,2313,,,1.4,,,
3.4.2,QUKE FOCAL,KSKC,2313,,,1,,,
3.4.2,QUKE FOCAL,KSKC,2313,,,1,,,
3.4.2,QUKE FOCAL,KSKC,2313,,,1.1,,,
3.4.2,QUKE FOCAL,KSKC,2313,,,0.7,,,
3.4.2,QUKE FOCAL,KSKC,2313,,,1,,,
3.4.2,QUKE FOCAL,KSKC,2313,,,1.4,,,
3.4.2,QUKE FOCAL,KSKC,2313,,,0.6,,,
3.4.2,QUKE FOCAL,KSKC,2313,,,1.1,,,
3.4.2,QUKE FOCAL,KSKC,2313,,,0.8,,,
3.4.2,QUKE FOCAL,KSKC,2313,,,0.8,,,
3.4.2,QUKE FOCAL,KSKC,2313,,,2,,,
3.4.2,QUKE FOCAL,KSKC,2313,,,2.8,,,
3.4.2,QUKE FOCAL,KSKC,2313,,,0.9,,,
3.4.2,QUKE FOCAL,KSKC,2313,,,1.8,,,
3.4.2,QUKE FOCAL,KSKC,2313,,,2.6,,,
3.4.2,QUKE FOCAL,KSKC,2313,,,1,,,
3.4.2,QUKE FOCAL,KSKC,2313,,,1,,,
3.4.2,QUKE FOCAL,KSKC,2313,,,0.4,,,
3.4.3,QUKE FOCAL,KSKC,2391,0.4,,0.8,,,
3.4.3,QUKE FOCAL,KSKC,2391,0.3,,0.5,,,
3.4.3,QUKE FOCAL,KSKC,2391,0.2,,0.3,,,
3.4.3,QUKE FOCAL,KSKC,2391,0.2,,1.1,,,
3.4.3,QUKE FOCAL,KSKC,2391,0.6,,0.5,,,
3.4.3,QUKE FOCAL,KSKC,2391,0.3,,0.6,,,
3.4.3,QUKE FOCAL,KSKC,2391,0.3,,0.5,,,
3.4.3,QUKE FOCAL,KSKC,2391,1.5,,1.1,,,
3.4.3,QUKE FOCAL,KSKC,2391,1.5,,0.5,,,
3.4.3,QUKE FOCAL,KSKC,2391,2.6,,0.6,,,
3.4.3,QUKE FOCAL,KSKC,2391,3.3,,0.6,,,
3.4.3,QUKE FOCAL,KSKC,2391,,,0.2,,,
3.4.3,QUKE FOCAL,KSKC,2391,,,1.8,,,
3.4.3,QUKE FOCAL,KSKC,2391,,,1.4,,,
3.4.3,QUKE FOCAL,KSKC,2391,,,0.8,,,
3.4.3,QUKE FOCAL,KSKC,2391,,,2.3,,,
3.4.3,QUKE FOCAL,KSKC,2391,,,1.9,,,
3.4.3,QUKE FOCAL,KSKC,2391,,,1.5,,,
3.4.3,QUKE FOCAL,KSKC,2391,,,2.1,,,
3.4.3,QUKE FOCAL,KSKC,2391,,,2.2,,,
3.4.3,QUKE FOCAL,KSKC,2391,,,0.8,,,
3.4.3,QUKE FOCAL,KSKC,2391,,,0.5,,,
3.4.3,QUKE FOCAL,KSKC,2391,,,1.2,,,
3.4.3,QUKE FOCAL,KSKC,2391,,,0.9,,,
3.4.3,QUKE FOCAL,KSKC,2391,,,0.6,,,
3.4.3,QUKE FOCAL,KSKC,2391,,,2.1,,,
3.4.3,QUKE FOCAL,KSKC,2391,,,1.5,,,
3.4.3,QUKE FOCAL,KSKC,2391,,,0.5,,,
3.4.3,QUKE FOCAL,KSKC,2391,,,0.7,,,
3.4.3,QUKE FOCAL,KSKC,2391,,,1.8,,,
3.4.3,QUKE FOCAL,KSKC,2391,,,0.8,,,
3.4.3,QUKE FOCAL,KSKC,2391,,,0.8,,,
3.4.3,QUKE FOCAL,KSKC,2391,,,1.1,,,
3.4.3,QUKE FOCAL,KSKC,2391,,,0.7,,,
3.4.3,QUKE FOCAL,KSKC,2391,,,1.1,,,
3.4.3,QUKE FOCAL,KSKC,2391,,,0.9,,,
3.4.3,QUKE FOCAL,KSKC,2391,,,0.6,,,
3.4.3,QUKE FOCAL,KSKC,2391,,,0.2,,,
3.4.3,QUKE FOCAL,KSKC,2391,,,1.9,,,
3.4.4,QUKE FOCAL,KSKC,2329,,4.1,1.5,,,
3.4.4,QUKE FOCAL,KSKC,2329,,6.4,1.3,,,
3.4.4,QUKE FOCAL,KSKC,2329,,7.5,0.5,,,
3.4.4,QUKE FOCAL,KSKC,2329,,4.7,1.4,,,
3.4.4,QUKE FOCAL,KSKC,2329,,3,1.1,,,
3.4.4,QUKE FOCAL,KSKC,2329,,,1.8,,,
3.4.4,QUKE FOCAL,KSKC,2329,,,3,,,
3.4.4,QUKE FOCAL,KSKC,2329,,,4.6,,,
3.4.4,QUKE FOCAL,KSKC,2329,,,1.6,,,
3.4.4,QUKE FOCAL,KSKC,2329,,,1.7,,,
3.4.4,QUKE FOCAL,KSKC,2329,,,1.4,,,
3.4.4,QUKE FOCAL,KSKC,2329,,,1.2,,,
3.4.4,QUKE FOCAL,KSKC,2329,,,0.5,,,
3.4.4,QUKE FOCAL,KSKC,2329,,,0.7,,,
3.4.4,QUKE FOCAL,KSKC,2329,,,0.6,,,
3.4.4,QUKE FOCAL,KSKC,2329,,,1.6,,,
3.4.4,QUKE FOCAL,KSKC,2329,,,0.4,,,
3.4.4,QUKE FOCAL,KSKC,2329,,,1,,,
3.4.4,QUKE FOCAL,KSKC,2329,,,0.8,,,
3.4.4,QUKE FOCAL,KSKC,2329,,,0.6,,,
3.4.4,QUKE FOCAL,KSKC,2329,,,2,,,
3.4.4,QUKE FOCAL,KSKC,2329,,,1.8,,,
3.4.4,QUKE FOCAL,KSKC,2329,,,2.4,,,
3.4.4,QUKE FOCAL,KSKC,2329,,,0.2,,,
3.4.4,QUKE FOCAL,KSKC,2329,,,0.3,,,
3.4.4,QUKE FOCAL,KSKC,2329,,,2.6,,,
3.4.4,QUKE FOCAL,KSKC,2329,,,0.7,,,
3.4.4,QUKE FOCAL,KSKC,2329,,,0.6,,,
3.4.4,QUKE FOCAL,KSKC,2329,,,0.3,,,
3.4.4,QUKE FOCAL,KSKC,2329,,,0.6,,,
3.4.4,QUKE FOCAL,KSKC,2329,,,1.1,,,
3.4.5,QUKE FOCAL,KSKC,2330,,9.2,1.1,,,
3.4.5,QUKE FOCAL,KSKC,2330,,5.3,2.5,,,
3.4.5,QUKE FOCAL,KSKC,2330,,2.2,1.1,,,
3.4.5,QUKE FOCAL,KSKC,2330,,10.5,1.6,,,
3.4.5,QUKE FOCAL,KSKC,2330,,5.3,2.1,,,
3.4.5,QUKE FOCAL,KSKC,2330,,6.5,0.6,,,
3.4.5,QUKE FOCAL,KSKC,2330,,9.3,1.8,,,
3.4.5,QUKE FOCAL,KSKC,2330,,9.5,2.1,,,
3.4.5,QUKE FOCAL,KSKC,2330,,2.6,1.9,,,
3.4.5,QUKE FOCAL,KSKC,2330,,2.7,3.3,,,
3.4.5,QUKE FOCAL,KSKC,2330,,10,3.7,,,
3.4.5,QUKE FOCAL,KSKC,2330,,5.2,0.6,,,
3.4.5,QUKE FOCAL,KSKC,2330,,6.8,2.3,,,
3.4.5,QUKE FOCAL,KSKC,2330,,3.2,0.7,,,
3.4.5,QUKE FOCAL,KSKC,2330,,3.8,1.1,,,
3.4.5,QUKE FOCAL,KSKC,2330,,,1.7,,,
3.4.5,QUKE FOCAL,KSKC,2330,,,1.1,,,
3.4.5,QUKE FOCAL,KSKC,2330,,,1,,,
3.4.5,QUKE FOCAL,KSKC,2330,,,0.5,,,
3.4.5,QUKE FOCAL,KSKC,2330,,,1.7,,,
3.4.5,QUKE FOCAL,KSKC,2330,,,1.9,,,
3.4.5,QUKE FOCAL,KSKC,2330,,,1,,,
3.4.5,QUKE FOCAL,KSKC,2330,,,0.5,,,
3.4.5,QUKE FOCAL,KSKC,2330,,,1.5,,,
3.4.5,QUKE FOCAL,KSKC,2330,,,1.3,,,
3.4.5,QUKE FOCAL,KSKC,2330,,,0.9,,,
3.4.5,QUKE FOCAL,KSKC,2330,,,1.3,,,
3.4.5,QUKE FOCAL,KSKC,2330,,,1.4,,,
3.4.5,QUKE FOCAL,KSKC,2330,,,2.7,,,
3.4.5,QUKE FOCAL,KSKC,2330,,,2.8,,,
3.4.5,QUKE FOCAL,KSKC,2330,,,2.3,,,
3.4.5,QUKE FOCAL,KSKC,2330,,,1.5,,,
3.4.5,QUKE FOCAL,KSKC,2330,,,0.7,,,
3.4.5,QUKE FOCAL,KSKC,2330,,,4,,,
3.4.5,QUKE FOCAL,KSKC,2330,,,1,,,
3.4.5,QUKE FOCAL,KSKC,2330,,,1.5,,,
3.4.5,QUKE FOCAL,KSKC,2330,,,1.6,,,
3.4.5,QUKE FOCAL,KSKC,2330,,,1.6,,,
3.4.5,QUKE FOCAL,KSKC,2330,,,1.2,,,
3.4.5,QUKE FOCAL,KSKC,2330,,,4,,,
3.4.5,QUKE FOCAL,KSKC,2330,,,1.6,,,
3.4.5,QUKE FOCAL,KSKC,2330,,,1.5,,,
3.4.5,QUKE FOCAL,KSKC,2330,,,1.8,,,
3.4.5,QUKE FOCAL,KSKC,2330,,,0.9,,,
3.4.5,QUKE FOCAL,KSKC,2330,,,3.2,,,
3.4.5,QUKE FOCAL,KSKC,2330,,,0.5,,,
3.4.5,QUKE FOCAL,KSKC,2330,,,1.1,,,
3.4.5,QUKE FOCAL,KSKC,2330,,,0.8,,,
3.4.5,QUKE FOCAL,KSKC,2330,,,3,,,
3.4.5,QUKE FOCAL,KSKC,2330,,,0.6,,,
3.4.5,QUKE FOCAL,KSKC,2330,,,1.6,,,
3.4.5,QUKE FOCAL,KSKC,2330,,,0.5,,,
3.4.5,QUKE FOCAL,KSKC,2330,,,1.4,,,
3.4.5,QUKE FOCAL,KSKC,2330,,,1.1,,,
3.4.5,QUKE FOCAL,KSKC,2330,,,3.3,,,
3.4.5,QUKE FOCAL,KSKC,2330,,,0.9,,,
3.4.5,QUKE FOCAL,KSKC,2330,,,1,,,
3.4.5,QUKE FOCAL,KSKC,2330,,,1.1,,,
3.4.5,QUKE FOCAL,KSKC,2330,,,1.3,,,
3.4.5,QUKE FOCAL,KSKC,2330,,,1.2,,,
3.4.5,QUKE FOCAL,KSKC,2330,,,2.3,,,
3.4.5,QUKE FOCAL,KSKC,2330,,,2.1,,,
3.4.5,QUKE FOCAL,KSKC,2330,,,3.3,,,
3.4.5,QUKE FOCAL,KSKC,2330,,,2.8,,,
3.4.5,QUKE FOCAL,KSKC,2330,,,1.9,,,
3.4.5,QUKE FOCAL,KSKC,2330,,,2,,,
3.4.5,QUKE FOCAL,KSKC,2330,,,0.8,,,
3.4.5,QUKE FOCAL,KSKC,2330,,,0.9,,,
3.4.5,QUKE FOCAL,KSKC,2330,,,0.5,,,
3.4.5,QUKE FOCAL,KSKC,2330,,,1.7,,,
3.4.5,QUKE FOCAL,KSKC,2330,,,1.1,,,
3.4.5,QUKE FOCAL,KSKC,2330,,,0.8,,,
3.4.5,QUKE FOCAL,KSKC,2330,,,0.9,,,
3.4.5,QUKE FOCAL,KSKC,2330,,,1.9,,,
3.4.5,QUKE FOCAL,KSKC,2330,,,0.5,,,
3.4.5,QUKE FOCAL,KSKC,2330,,,0.6,,,
3.4.5,QUKE FOCAL,KSKC,2330,,,1.1,,,
3.4.5,QUKE FOCAL,KSKC,2330,,,0.7,,,
3.4.5,QUKE FOCAL,KSKC,2330,,,1.1,,,
3.4.5,QUKE FOCAL,KSKC,2330,,,0.5,,,
3.4.5,QUKE FOCAL,KSKC,2330,,,0.3,,,
3.4.5,QUKE FOCAL,KSKC,2330,,,2,,,
3.4.5,QUKE FOCAL,KSKC,2330,,,2.5,,,
3.4.5,QUKE FOCAL,KSKC,2330,,,0.6,,,
3.4.5,QUKE FOCAL,KSKC,2330,,,1.5,,,
3.4.5,QUKE FOCAL,KSKC,2330,,,0.6,,,
3.4.5,QUKE FOCAL,KSKC,2330,,,0.7,,,
3.4.5,QUKE FOCAL,KSKC,2330,,,0.8,,,
3.4.5,QUKE FOCAL,KSKC,2330,,,2,,,
3.4.5,QUKE FOCAL,KSKC,2330,,,2.3,,,
3.4.5,QUKE FOCAL,KSKC,2330,,,0.8,,,
3.4.5,QUKE FOCAL,KSKC,2330,,,3.2,,,
3.4.5,QUKE FOCAL,KSKC,2330,,,1.5,,,
3.4.5,QUKE FOCAL,KSKC,2330,,,0.7,,,
3.4.5,QUKE FOCAL,KSKC,2330,,,1.8,,,
3.4.5,QUKE FOCAL,KSKC,2330,,,0.9,,,
3.4.5,QUKE FOCAL,KSKC,2330,,,0.7,,,
3.4.5,QUKE FOCAL,KSKC,2330,,,0.6,,,
3.4.5,QUKE FOCAL,KSKC,2330,,,2.8,,,
3.4.5,QUKE FOCAL,KSKC,2330,,,0.7,,,
3.4.5,QUKE FOCAL,KSKC,2330,,,1.2,,,
3.4.5,QUKE FOCAL,KSKC,2330,,,0.7,,,
3.4.5,QUKE FOCAL,KSKC,2330,,,0.6,,,
3.4.5,QUKE FOCAL,KSKC,2330,,,3.7,,,
3.4.5,QUKE FOCAL,KSKC,2330,,,1.4,,,
3.4.5,QUKE FOCAL,KSKC,2330,,,1.2,,,
3.4.5,QUKE FOCAL,KSKC,2330,,,1.8,,,
3.4.5,QUKE FOCAL,KSKC,2330,,,1.7,,,
3.4.5,QUKE FOCAL,KSKC,2330,,,1.3,,,
3.4.5,QUKE FOCAL,KSKC,2330,,,1,,,
3.4.5,QUKE FOCAL,KSKC,2330,,,0.3,,,
3.4.5,QUKE FOCAL,KSKC,2330,,,0.9,,,
3.4.5,QUKE FOCAL,KSKC,2330,,,1.2,,,
3.4.5,QUKE FOCAL,KSKC,2330,,,1,,,
3.4.5,QUKE FOCAL,KSKC,2330,,,0.7,,,
3.4.5,QUKE FOCAL,KSKC,2330,,,0.6,,,
3.4.6,QUKE FOCAL,KSKC,2336,,5.4,2.2,,,
3.4.6,QUKE FOCAL,KSKC,2336,,15.2,1.6,,,
3.4.6,QUKE FOCAL,KSKC,2336,,9.7,0.8,,,
3.4.6,QUKE FOCAL,KSKC,2336,,2.3,0.9,,,
3.4.6,QUKE FOCAL,KSKC,2336,,2.1,0.6,,,
3.4.6,QUKE FOCAL,KSKC,2336,,9,1.3,,,
3.4.6,QUKE FOCAL,KSKC,2336,,15.5,0.4,,,
3.4.6,QUKE FOCAL,KSKC,2336,,8.7,0.4,,,
3.4.6,QUKE FOCAL,KSKC,2336,,3.7,1.5,,,
3.4.6,QUKE FOCAL,KSKC,2336,,,2.4,,,
3.4.6,QUKE FOCAL,KSKC,2336,,,1.9,,,
3.4.6,QUKE FOCAL,KSKC,2336,,,0.6,,,
3.4.6,QUKE FOCAL,KSKC,2336,,,0.7,,,
3.4.6,QUKE FOCAL,KSKC,2336,,,0.6,,,
3.4.6,QUKE FOCAL,KSKC,2336,,,0.8,,,
3.4.6,QUKE FOCAL,KSKC,2336,,,0.9,,,
3.4.6,QUKE FOCAL,KSKC,2336,,,1.5,,,
3.4.6,QUKE FOCAL,KSKC,2336,,,0.6,,,
3.4.6,QUKE FOCAL,KSKC,2336,,,0.7,,,
3.4.6,QUKE FOCAL,KSKC,2336,,,0.3,,,
3.4.6,QUKE FOCAL,KSKC,2336,,,0.9,,,
3.4.6,QUKE FOCAL,KSKC,2336,,,0.5,,,
3.4.6,QUKE FOCAL,KSKC,2336,,,0.7,,,
3.4.6,QUKE FOCAL,KSKC,2336,,,0.6,,,
3.4.6,QUKE FOCAL,KSKC,2336,,,1.3,,,
3.4.6,QUKE FOCAL,KSKC,2336,,,2,,,
3.4.6,QUKE FOCAL,KSKC,2336,,,0.5,,,
3.4.6,QUKE FOCAL,KSKC,2336,,,0.8,,,
3.4.6,QUKE FOCAL,KSKC,2336,,,0.7,,,
3.4.6,QUKE FOCAL,KSKC,2336,,,0.5,,,
3.4.6,QUKE FOCAL,KSKC,2336,,,0.4,,,
3.4.6,QUKE FOCAL,KSKC,2336,,,1.3,,,
3.4.6,QUKE FOCAL,KSKC,2336,,,1.7,,,
3.4.6,QUKE FOCAL,KSKC,2336,,,1.5,,,
3.4.6,QUKE FOCAL,KSKC,2336,,,1,,,
3.4.6,QUKE FOCAL,KSKC,2336,,,0.6,,,
3.4.6,QUKE FOCAL,KSKC,2336,,,2.4,,,
3.4.6,QUKE FOCAL,KSKC,2336,,,2.3,,,
3.4.6,QUKE FOCAL,KSKC,2336,,,1.7,,,
3.4.6,QUKE FOCAL,KSKC,2336,,,0.6,,,
3.4.6,QUKE FOCAL,KSKC,2336,,,1.4,,,
3.4.6,QUKE FOCAL,KSKC,2336,,,0.5,,,
3.4.6,QUKE FOCAL,KSKC,2336,,,0.7,,,
3.4.6,QUKE FOCAL,KSKC,2336,,,1.5,,,
3.4.6,QUKE FOCAL,KSKC,2336,,,0.8,,,
3.4.6,QUKE FOCAL,KSKC,2336,,,0.5,,,
3.4.6,QUKE FOCAL,KSKC,2336,,,0.4,,,
3.4.6,QUKE FOCAL,KSKC,2336,,,0.4,,,
3.4.6,QUKE FOCAL,KSKC,2336,,,0.4,,,
3.4.6,QUKE FOCAL,KSKC,2336,,,0.5,,,
3.4.6,QUKE FOCAL,KSKC,2336,,,2,,,
3.4.6,QUKE FOCAL,KSKC,2336,,,1,,,
3.4.6,QUKE FOCAL,KSKC,2336,,,2.7,,,
3.4.6,QUKE FOCAL,KSKC,2336,,,1.6,,,
3.4.6,QUKE FOCAL,KSKC,2336,,,0.5,,,
3.4.6,QUKE FOCAL,KSKC,2336,,,1.4,,,
3.4.6,QUKE FOCAL,KSKC,2336,,,0.4,,,
3.4.6,QUKE FOCAL,KSKC,2336,,,2.6,,,
3.4.6,QUKE FOCAL,KSKC,2336,,,0.5,,,
3.4.6,QUKE FOCAL,KSKC,2336,,,0.3,,,
3.4.6,QUKE FOCAL,KSKC,2336,,,0.6,,,
3.4.6,QUKE FOCAL,KSKC,2336,,,0.3,,,
3.4.6,QUKE FOCAL,KSKC,2336,,,1.3,,,
3.4.6,QUKE FOCAL,KSKC,2336,,,0.9,,,
3.4.6,QUKE FOCAL,KSKC,2336,,,1.9,,,
3.4.6,QUKE FOCAL,KSKC,2336,,,1.4,,,
3.4.6,QUKE FOCAL,KSKC,2336,,,1,,,
3.4.6,QUKE FOCAL,KSKC,2336,,,0.9,,,
3.4.6,QUKE FOCAL,KSKC,2336,,,0.9,,,
3.4.6,QUKE FOCAL,KSKC,2336,,,2.3,,,
3.4.6,QUKE FOCAL,KSKC,2336,,,2.2,,,
3.4.6,QUKE FOCAL,KSKC,2336,,,1.2,,,
3.4.6,QUKE FOCAL,KSKC,2336,,,0.5,,,
3.4.6,QUKE FOCAL,KSKC,2336,,,1,,,
3.4.6,QUKE FOCAL,KSKC,2336,,,0.6,,,
3.4.6,QUKE FOCAL,KSKC,2336,,,2.3,,,
3.4.6,QUKE FOCAL,KSKC,2336,,,0.9,,,
3.4.6,QUKE FOCAL,KSKC,2336,,,1.1,,,
4.1.1,QUKE FOCAL,KSSC,2311,,,,9.6,,
4.1.1,QUKE FOCAL,KSSC,2311,,,,2.8,,
4.1.1,QUKE FOCAL,KSSC,2311,,,,3.1,,
4.1.1,QUKE FOCAL,KSSC,2311,,,,1.7,,
4.1.1,QUKE FOCAL,KSSC,2311,,,,8.9,,
4.1.2,QUKE FOCAL,KSSC,2338,,,,12.8,,
4.1.2,QUKE FOCAL,KSSC,2338,,,,2.5,,
4.1.2,QUKE FOCAL,KSSC,2338,,,,2,,
4.1.2,QUKE FOCAL,KSSC,2338,,,,9.8,,
4.1.2,QUKE FOCAL,KSSC,2338,,,,3,,
4.1.2,QUKE FOCAL,KSSC,2338,,,,9,,
4.1.2,QUKE FOCAL,KSSC,2338,,,,4,,
4.1.2,QUKE FOCAL,KSSC,2338,,,,4.4,,
4.1.2,QUKE FOCAL,KSSC,2338,,,,2.9,,
4.1.2,QUKE FOCAL,KSSC,2338,,,,7.7,,
4.1.2,QUKE FOCAL,KSSC,2338,,,,7.8,,
4.1.2,QUKE FOCAL,KSSC,2338,,,,4.4,,
4.1.2,QUKE FOCAL,KSSC,2338,,,,3.3,,
4.1.2,QUKE FOCAL,KSSC,2338,,,,7.3,,
4.1.2,QUKE FOCAL,KSSC,2338,,,,3.3,,
4.1.2,QUKE FOCAL,KSSC,2338,,,,1.3,,
4.1.2,QUKE FOCAL,KSSC,2338,,,,2.1,,
4.1.2,QUKE FOCAL,KSSC,2338,,,,0.7,,
4.1.2,QUKE FOCAL,KSSC,2338,,,,2.2,,
4.1.2,QUKE FOCAL,KSSC,2338,,,,1,,
4.1.2,QUKE FOCAL,KSSC,2338,,,,0.5,,
4.1.2,QUKE FOCAL,KSSC,2338,,,,1.3,,
4.1.2,QUKE FOCAL,KSSC,2338,,,,0.4,,
4.1.2,QUKE FOCAL,KSSC,2338,,,,11.3,,
4.1.2,QUKE FOCAL,KSSC,2338,,,,3.8,,
4.1.2,QUKE FOCAL,KSSC,2338,,,,1.9,,
4.1.2,QUKE FOCAL,KSSC,2338,,,,1.3,,
4.1.3,QUKE FOCAL,KSSC,2489,2.2,,,2.8,,
4.1.3,QUKE FOCAL,KSSC,2489,1.9,,,2.3,,
4.1.3,QUKE FOCAL,KSSC,2489,1.7,,,1.8,,
4.1.3,QUKE FOCAL,KSSC,2489,,,,1.2,,
4.1.3,QUKE FOCAL,KSSC,2489,,,,1.4,,
4.1.3,QUKE FOCAL,KSSC,2489,,,,1.1,,
4.1.3,QUKE FOCAL,KSSC,2489,,,,1.2,,
4.1.3,QUKE FOCAL,KSSC,2489,,,,1.1,,
4.1.3,QUKE FOCAL,KSSC,2489,,,,1.6,,
4.1.3,QUKE FOCAL,KSSC,2489,,,,2,,
4.1.3,QUKE FOCAL,KSSC,2489,,,,2.1,,
4.1.3,QUKE FOCAL,KSSC,2489,,,,4.9,,
4.1.4,QUKE FOCAL,KSSC,2380,0.4,,,8.3,1.6,
4.1.4,QUKE FOCAL,KSSC,2380,0.3,,,,1.5,
4.1.4,QUKE FOCAL,KSSC,2380,0.2,,,,1.3,
4.1.4,QUKE FOCAL,KSSC,2380,0.4,,,,0.2,
4.1.4,QUKE FOCAL,KSSC,2380,0.3,,,,0.7,
4.1.4,QUKE FOCAL,KSSC,2380,0.5,,,,0.6,
4.1.4,QUKE FOCAL,KSSC,2380,8.1,,,,0.7,
4.1.4,QUKE FOCAL,KSSC,2380,5.2,,,,1.6,
4.1.4,QUKE FOCAL,KSSC,2380,,,,,0.5,
4.1.4,QUKE FOCAL,KSSC,2380,,,,,1,
4.1.4,QUKE FOCAL,KSSC,2380,,,,,0.5,
4.1.4,QUKE FOCAL,KSSC,2380,,,,,1,
4.1.4,QUKE FOCAL,KSSC,2380,,,,,0.6,
4.1.4,QUKE FOCAL,KSSC,2380,,,,,2,
4.1.4,QUKE FOCAL,KSSC,2380,,,,,0.5,
4.1.4,QUKE FOCAL,KSSC,2380,,,,,0.3,
4.1.5,QUKE FOCAL,KSSC,2356,,,,7.3,,
4.1.5,QUKE FOCAL,KSSC,2356,,,,4.3,,
4.1.5,QUKE FOCAL,KSSC,2356,,,,1.4,,
4.1.5,QUKE FOCAL,KSSC,2356,,,,5.2,,
4.1.5,QUKE FOCAL,KSSC,2356,,,,2.8,,
4.1.5,QUKE FOCAL,KSSC,2356,,,,5.5,,
4.1.5,QUKE FOCAL,KSSC,2356,,,,1.1,,
4.1.5,QUKE FOCAL,KSSC,2356,,,,2,,
4.1.5,QUKE FOCAL,KSSC,2356,,,,3.6,,
4.1.5,QUKE FOCAL,KSSC,2356,,,,1.3,,
4.1.5,QUKE FOCAL,KSSC,2356,,,,2.3,,
4.1.5,QUKE FOCAL,KSSC,2356,,,,1.9,,
4.1.5,QUKE FOCAL,KSSC,2356,,,,6.2,,
4.1.5,QUKE FOCAL,KSSC,2356,,,,1.6,,
4.1.5,QUKE FOCAL,KSSC,2356,,,,1.7,,
4.1.5,QUKE FOCAL,KSSC,2356,,,,4.5,,
4.1.5,QUKE FOCAL,KSSC,2356,,,,1.6,,
4.1.5,QUKE FOCAL,KSSC,2356,,,,6,,
4.1.5,QUKE FOCAL,KSSC,2356,,,,4.5,,
4.1.5,QUKE FOCAL,KSSC,2356,,,,1.9,,
4.1.5,QUKE FOCAL,KSSC,2356,,,,1.7,,
4.1.5,QUKE FOCAL,KSSC,2356,,,,1,,
4.1.5,QUKE FOCAL,KSSC,2356,,,,1.3,,
4.1.5,QUKE FOCAL,KSSC,2356,,,,0.9,,
4.1.5,QUKE FOCAL,KSSC,2356,,,,0.8,,
4.1.5,QUKE FOCAL,KSSC,2356,,,,1.2,,
4.1.5,QUKE FOCAL,KSSC,2356,,,,4.1,,
4.1.5,QUKE FOCAL,KSSC,2356,,,,2,,
4.1.5,QUKE FOCAL,KSSC,2356,,,,1.8,,
4.1.5,QUKE FOCAL,KSSC,2356,,,,1.8,,
4.1.6,QUKE FOCAL,KSSC,2358,,,,9.4,,
4.1.6,QUKE FOCAL,KSSC,2358,,,,4.8,,
4.1.6,QUKE FOCAL,KSSC,2358,,,,1.4,,
4.1.6,QUKE FOCAL,KSSC,2358,,,,1.5,,
4.1.6,QUKE FOCAL,KSSC,2358,,,,1.4,,
4.1.6,QUKE FOCAL,KSSC,2358,,,,1.7,,
4.1.6,QUKE FOCAL,KSSC,2358,,,,6.9,,
4.1.6,QUKE FOCAL,KSSC,2358,,,,3.7,,
4.1.6,QUKE FOCAL,KSSC,2358,,,,2.1,,
4.1.6,QUKE FOCAL,KSSC,2358,,,,2.7,,
4.1.6,QUKE FOCAL,KSSC,2358,,,,1.7,,
4.1.6,QUKE FOCAL,KSSC,2358,,,,1.6,,
4.1.6,QUKE FOCAL,KSSC,2358,,,,1.8,,
4.1.6,QUKE FOCAL,KSSC,2358,,,,0.6,,
4.1.6,QUKE FOCAL,KSSC,2358,,,,1.6,,
4.2.1,QUKE FOCAL,KSKC,2399,,10.9,1,,,
4.2.1,QUKE FOCAL,KSKC,2399,,9.5,2.2,,,
4.2.1,QUKE FOCAL,KSKC,2399,,2.7,1.3,,,
4.2.1,QUKE FOCAL,KSKC,2399,,3.8,1.6,,,
4.2.1,QUKE FOCAL,KSKC,2399,,6.8,2.2,,,
4.2.1,QUKE FOCAL,KSKC,2399,,4.5,2.8,,,
4.2.1,QUKE FOCAL,KSKC,2399,,2.2,1.6,,,
4.2.1,QUKE FOCAL,KSKC,2399,,10.3,1.9,,,
4.2.1,QUKE FOCAL,KSKC,2399,,9.6,1.4,,,
4.2.1,QUKE FOCAL,KSKC,2399,,5.3,1.4,,,
4.2.1,QUKE FOCAL,KSKC,2399,,4.8,0.8,,,
4.2.1,QUKE FOCAL,KSKC,2399,,,2,,,
4.2.1,QUKE FOCAL,KSKC,2399,,,1,,,
4.2.1,QUKE FOCAL,KSKC,2399,,,0.8,,,
4.2.1,QUKE FOCAL,KSKC,2399,,,0.6,,,
4.2.1,QUKE FOCAL,KSKC,2399,,,1,,,
4.2.1,QUKE FOCAL,KSKC,2399,,,1.3,,,
4.2.1,QUKE FOCAL,KSKC,2399,,,1,,,
4.2.1,QUKE FOCAL,KSKC,2399,,,0.7,,,
4.2.1,QUKE FOCAL,KSKC,2399,,,0.6,,,
4.2.1,QUKE FOCAL,KSKC,2399,,,0.6,,,
4.2.1,QUKE FOCAL,KSKC,2399,,,1.8,,,
4.2.1,QUKE FOCAL,KSKC,2399,,,1.9,,,
4.2.1,QUKE FOCAL,KSKC,2399,,,2.1,,,
4.2.1,QUKE FOCAL,KSKC,2399,,,0.5,,,
4.2.1,QUKE FOCAL,KSKC,2399,,,1.6,,,
4.2.1,QUKE FOCAL,KSKC,2399,,,0.9,,,
4.2.1,QUKE FOCAL,KSKC,2399,,,1.6,,,
4.2.1,QUKE FOCAL,KSKC,2399,,,1.7,,,
4.2.1,QUKE FOCAL,KSKC,2399,,,1.4,,,
4.2.1,QUKE FOCAL,KSKC,2399,,,1,,,
4.2.1,QUKE FOCAL,KSKC,2399,,,0.8,,,
4.2.1,QUKE FOCAL,KSKC,2399,,,1.2,,,
4.2.1,QUKE FOCAL,KSKC,2399,,,2.7,,,
4.2.1,QUKE FOCAL,KSKC,2399,,,2.1,,,
4.2.1,QUKE FOCAL,KSKC,2399,,,2,,,
4.2.1,QUKE FOCAL,KSKC,2399,,,2.1,,,
4.2.1,QUKE FOCAL,KSKC,2399,,,1.9,,,
4.2.1,QUKE FOCAL,KSKC,2399,,,1.3,,,
4.2.1,QUKE FOCAL,KSKC,2399,,,0.7,,,
4.2.1,QUKE FOCAL,KSKC,2399,,,1.4,,,
4.2.1,QUKE FOCAL,KSKC,2399,,,1.2,,,
4.2.1,QUKE FOCAL,KSKC,2399,,,0.5,,,
4.2.1,QUKE FOCAL,KSKC,2399,,,0.6,,,
4.2.1,QUKE FOCAL,KSKC,2399,,,1.7,,,
4.2.1,QUKE FOCAL,KSKC,2399,,,1.5,,,
4.2.1,QUKE FOCAL,KSKC,2399,,,1.8,,,
4.2.1,QUKE FOCAL,KSKC,2399,,,0.8,,,
4.2.1,QUKE FOCAL,KSKC,2399,,,1.4,,,
4.2.1,QUKE FOCAL,KSKC,2399,,,1.3,,,
4.2.1,QUKE FOCAL,KSKC,2399,,,1.6,,,
4.2.1,QUKE FOCAL,KSKC,2399,,,0.7,,,
4.2.1,QUKE FOCAL,KSKC,2399,,,0.9,,,
4.2.1,QUKE FOCAL,KSKC,2399,,,2.1,,,
4.2.1,QUKE FOCAL,KSKC,2399,,,1.2,,,
4.2.1,QUKE FOCAL,KSKC,2399,,,0.8,,,
4.2.1,QUKE FOCAL,KSKC,2399,,,1.1,,,
4.2.1,QUKE FOCAL,KSKC,2399,,,2.1,,,
4.2.1,QUKE FOCAL,KSKC,2399,,,1.2,,,
4.2.1,QUKE FOCAL,KSKC,2399,,,0.8,,,
4.2.1,QUKE FOCAL,KSKC,2399,,,1.1,,,
4.2.1,QUKE FOCAL,KSKC,2399,,,1.2,,,
4.2.1,QUKE FOCAL,KSKC,2399,,,1.4,,,
4.2.1,QUKE FOCAL,KSKC,2399,,,0.6,,,
4.2.1,QUKE FOCAL,KSKC,2399,,,1.4,,,
4.2.2,QUKE FOCAL,KSSC,2488,,,,9.711372,,
4.2.2,QUKE FOCAL,KSSC,2488,,,,8.887556,,
4.2.2,QUKE FOCAL,KSSC,2488,,,,9.82906,,
4.2.2,QUKE FOCAL,KSSC,2488,,,,10.299812,,
4.2.2,QUKE FOCAL,KSSC,2488,,,,10.299812,,
4.2.2,QUKE FOCAL,KSSC,2488,,,,11.476692,,
4.2.2,QUKE FOCAL,KSSC,2488,,,,11.59438,,
4.2.2,QUKE FOCAL,KSSC,2488,,,,12.065132,,
4.2.2,QUKE FOCAL,KSSC,2488,,,,12.888948,,
4.2.3,QUKE FOCAL,KSKC,2323,4.4,,0.7,,,some sto sps cut
4.2.3,QUKE FOCAL,KSKC,2323,8,,0.3,,,
4.2.3,QUKE FOCAL,KSKC,2323,10,,0.3,,,
4.2.3,QUKE FOCAL,KSKC,2323,1.3,,0.4,,,
4.2.3,QUKE FOCAL,KSKC,2323,1.4,,0.3,,,
4.2.3,QUKE FOCAL,KSKC,2323,2,,0.2,,,
4.2.3,QUKE FOCAL,KSKC,2323,0.6,,0.6,,,
4.2.3,QUKE FOCAL,KSKC,2323,0.4,,0.4,,,
4.2.3,QUKE FOCAL,KSKC,2323,1.4,,0.2,,,
4.2.3,QUKE FOCAL,KSKC,2323,0.8,,0.7,,,
4.2.3,QUKE FOCAL,KSKC,2323,0.7,,0.3,,,
4.2.3,QUKE FOCAL,KSKC,2323,5.6,,0.5,,,
4.2.3,QUKE FOCAL,KSKC,2323,1.3,,0.6,,,
4.2.3,QUKE FOCAL,KSKC,2323,2.2,,0.8,,,
4.2.3,QUKE FOCAL,KSKC,2323,5.1,,0.9,,,
4.2.3,QUKE FOCAL,KSKC,2323,4.8,,1.8,,,
4.2.3,QUKE FOCAL,KSKC,2323,2.1,,2.3,,,
4.2.3,QUKE FOCAL,KSKC,2323,5.4,,2.3,,,
4.2.3,QUKE FOCAL,KSKC,2323,0.9,,2.3,,,
4.2.3,QUKE FOCAL,KSKC,2323,2.1,,2.5,,,
4.2.3,QUKE FOCAL,KSKC,2323,,,0.7,,,
4.2.3,QUKE FOCAL,KSKC,2323,,,1.1,,,
4.2.3,QUKE FOCAL,KSKC,2323,,,1,,,
4.2.3,QUKE FOCAL,KSKC,2323,,,1.1,,,
4.2.3,QUKE FOCAL,KSKC,2323,,,1.6,,,
4.2.3,QUKE FOCAL,KSKC,2323,,,1,,,
4.2.3,QUKE FOCAL,KSKC,2323,,,0.7,,,
4.2.3,QUKE FOCAL,KSKC,2323,,,0.5,,,
4.2.3,QUKE FOCAL,KSKC,2323,,,1.3,,,
4.2.3,QUKE FOCAL,KSKC,2323,,,0.6,,,
4.2.3,QUKE FOCAL,KSKC,2323,,,0.8,,,
4.2.3,QUKE FOCAL,KSKC,2323,,,1.3,,,
4.2.3,QUKE FOCAL,KSKC,2323,,,1.5,,,
4.2.3,QUKE FOCAL,KSKC,2323,,,0.6,,,
4.2.3,QUKE FOCAL,KSKC,2323,,,0.4,,,
4.2.3,QUKE FOCAL,KSKC,2323,,,0.5,,,
4.2.3,QUKE FOCAL,KSKC,2323,,,1.1,,,
4.2.3,QUKE FOCAL,KSKC,2323,,,1.8,,,
4.2.3,QUKE FOCAL,KSKC,2323,,,1,,,
4.2.3,QUKE FOCAL,KSKC,2323,,,0.3,,,
4.2.3,QUKE FOCAL,KSKC,2323,,,1,,,
4.2.4,QUKE FOCAL,KSKC,2375,,9.7,2.6,,,
4.2.4,QUKE FOCAL,KSKC,2375,,6,2.5,,,
4.2.4,QUKE FOCAL,KSKC,2375,,5.8,1.1,,,
4.2.4,QUKE FOCAL,KSKC,2375,,9.9,2,,,
4.2.4,QUKE FOCAL,KSKC,2375,,3.7,1.3,,,
4.2.4,QUKE FOCAL,KSKC,2375,,8.2,4.1,,,
4.2.4,QUKE FOCAL,KSKC,2375,,3.6,0.8,,,
4.2.4,QUKE FOCAL,KSKC,2375,,10.3,0.8,,,
4.2.4,QUKE FOCAL,KSKC,2375,,8,3.6,,,
4.2.4,QUKE FOCAL,KSKC,2375,,2.2,1,,,
4.2.4,QUKE FOCAL,KSKC,2375,,7.4,0.8,,,
4.2.4,QUKE FOCAL,KSKC,2375,,10.2,1.1,,,
4.2.4,QUKE FOCAL,KSKC,2375,,2.3,1.1,,,
4.2.4,QUKE FOCAL,KSKC,2375,,12.5,1.1,,,
4.2.4,QUKE FOCAL,KSKC,2375,,4.6,1.6,,,
4.2.4,QUKE FOCAL,KSKC,2375,,8.5,1.4,,,
4.2.4,QUKE FOCAL,KSKC,2375,,10,3.8,,,
4.2.4,QUKE FOCAL,KSKC,2375,,2.6,3.5,,,
4.2.4,QUKE FOCAL,KSKC,2375,,5.5,2.2,,,
4.2.4,QUKE FOCAL,KSKC,2375,,,2.2,,,
4.2.4,QUKE FOCAL,KSKC,2375,,,2.1,,,
4.2.4,QUKE FOCAL,KSKC,2375,,,1,,,
4.2.4,QUKE FOCAL,KSKC,2375,,,2,,,
4.2.4,QUKE FOCAL,KSKC,2375,,,0.8,,,
4.2.4,QUKE FOCAL,KSKC,2375,,,1.5,,,
4.2.4,QUKE FOCAL,KSKC,2375,,,1.4,,,
4.2.4,QUKE FOCAL,KSKC,2375,,,1,,,
4.2.4,QUKE FOCAL,KSKC,2375,,,1.4,,,
4.2.4,QUKE FOCAL,KSKC,2375,,,2,,,
4.2.4,QUKE FOCAL,KSKC,2375,,,0.9,,,
4.2.4,QUKE FOCAL,KSKC,2375,,,0.6,,,
4.2.4,QUKE FOCAL,KSKC,2375,,,2.5,,,
4.2.4,QUKE FOCAL,KSKC,2375,,,3.7,,,
4.2.4,QUKE FOCAL,KSKC,2375,,,2.2,,,
4.2.4,QUKE FOCAL,KSKC,2375,,,1.6,,,
4.2.4,QUKE FOCAL,KSKC,2375,,,2.3,,,
4.2.4,QUKE FOCAL,KSKC,2375,,,2.7,,,
4.2.4,QUKE FOCAL,KSKC,2375,,,2.4,,,
4.2.4,QUKE FOCAL,KSKC,2375,,,1.7,,,
4.2.4,QUKE FOCAL,KSKC,2375,,,0.4,,,
4.2.4,QUKE FOCAL,KSKC,2375,,,1.5,,,
4.2.4,QUKE FOCAL,KSKC,2375,,,1.8,,,
4.2.4,QUKE FOCAL,KSKC,2375,,,0.7,,,
4.2.4,QUKE FOCAL,KSKC,2375,,,2,,,
4.2.4,QUKE FOCAL,KSKC,2375,,,0.6,,,
4.2.4,QUKE FOCAL,KSKC,2375,,,1.5,,,
4.2.4,QUKE FOCAL,KSKC,2375,,,1.8,,,
4.2.4,QUKE FOCAL,KSKC,2375,,,3.2,,,
4.2.4,QUKE FOCAL,KSKC,2375,,,2.1,,,
4.2.4,QUKE FOCAL,KSKC,2375,,,1.3,,,
4.2.4,QUKE FOCAL,KSKC,2375,,,1.5,,,
4.2.4,QUKE FOCAL,KSKC,2375,,,2.6,,,
4.2.4,QUKE FOCAL,KSKC,2375,,,2.6,,,
4.2.4,QUKE FOCAL,KSKC,2375,,,0.7,,,
4.2.4,QUKE FOCAL,KSKC,2375,,,1.2,,,
4.2.4,QUKE FOCAL,KSKC,2375,,,2,,,
4.2.4,QUKE FOCAL,KSKC,2375,,,1.4,,,
4.2.4,QUKE FOCAL,KSKC,2375,,,2.9,,,
4.2.4,QUKE FOCAL,KSKC,2375,,,3,,,
4.2.4,QUKE FOCAL,KSKC,2375,,,1.1,,,
4.2.4,QUKE FOCAL,KSKC,2375,,,2.2,,,
4.2.4,QUKE FOCAL,KSKC,2375,,,3.3,,,
4.2.4,QUKE FOCAL,KSKC,2375,,,2.9,,,
4.2.5,QUKE FOCAL,KSSC,2331,,8,1.9,9.1,,
4.2.5,QUKE FOCAL,KSSC,2331,,5.5,1,15.1,,
4.2.5,QUKE FOCAL,KSSC,2331,,3.6,1.8,12.7,,
4.2.5,QUKE FOCAL,KSSC,2331,,2.7,0.5,,,
4.2.5,QUKE FOCAL,KSSC,2331,,12.5,0.7,,,
4.2.5,QUKE FOCAL,KSSC,2331,,10.4,0.6,,,
4.2.5,QUKE FOCAL,KSSC,2331,,8.7,2.9,,,
4.2.5,QUKE FOCAL,KSSC,2331,,3.4,3.5,,,
4.2.5,QUKE FOCAL,KSSC,2331,,3.3,1.5,,,
4.2.5,QUKE FOCAL,KSSC,2331,,4.3,0.5,,,
4.2.5,QUKE FOCAL,KSSC,2331,,3.2,1.1,,,
4.2.5,QUKE FOCAL,KSSC,2331,,7.2,0.6,,,
4.2.5,QUKE FOCAL,KSSC,2331,,1.9,2.5,,,
4.2.5,QUKE FOCAL,KSSC,2331,,2.6,1.1,,,
4.2.5,QUKE FOCAL,KSSC,2331,,8,0.4,,,
4.2.5,QUKE FOCAL,KSSC,2331,,2.5,1.2,,,
4.2.5,QUKE FOCAL,KSSC,2331,,9.5,2.3,,,
4.2.5,QUKE FOCAL,KSSC,2331,,8.8,0.7,,,
4.2.5,QUKE FOCAL,KSSC,2331,,3.4,0.4,,,
4.2.5,QUKE FOCAL,KSSC,2331,,6.4,0.7,,,
4.2.5,QUKE FOCAL,KSSC,2331,,2.7,0.8,,,
4.2.5,QUKE FOCAL,KSSC,2331,,1.9,1,,,
4.2.5,QUKE FOCAL,KSSC,2331,,1.4,0.7,,,
4.2.5,QUKE FOCAL,KSSC,2331,,1.9,1.3,,,
4.2.5,QUKE FOCAL,KSSC,2331,,2.7,0.7,,,
4.2.5,QUKE FOCAL,KSSC,2331,,6.5,1.7,,,
4.2.5,QUKE FOCAL,KSSC,2331,,2.7,1.6,,,
4.2.5,QUKE FOCAL,KSSC,2331,,2.5,0.6,,,
4.2.5,QUKE FOCAL,KSSC,2331,,,0.7,,,
4.2.5,QUKE FOCAL,KSSC,2331,,,1.1,,,
4.2.5,QUKE FOCAL,KSSC,2331,,,0.4,,,
4.2.5,QUKE FOCAL,KSSC,2331,,,0.9,,,
4.2.5,QUKE FOCAL,KSSC,2331,,,0.2,,,
4.2.5,QUKE FOCAL,KSSC,2331,,,2,,,
4.2.5,QUKE FOCAL,KSSC,2331,,,2.8,,,
4.2.5,QUKE FOCAL,KSSC,2331,,,0.7,,,
4.2.5,QUKE FOCAL,KSSC,2331,,,0.6,,,
4.2.5,QUKE FOCAL,KSSC,2331,,,1.8,,,
4.2.5,QUKE FOCAL,KSSC,2331,,,2.9,,,
4.2.5,QUKE FOCAL,KSSC,2331,,,1.7,,,
4.2.5,QUKE FOCAL,KSSC,2331,,,0.6,,,
4.2.5,QUKE FOCAL,KSSC,2331,,,0.7,,,
4.2.5,QUKE FOCAL,KSSC,2331,,,1.4,,,
4.2.5,QUKE FOCAL,KSSC,2331,,,1.1,,,
4.2.5,QUKE FOCAL,KSSC,2331,,,0.6,,,
4.2.5,QUKE FOCAL,KSSC,2331,,,0.9,,,
4.2.5,QUKE FOCAL,KSSC,2331,,,1,,,
4.2.5,QUKE FOCAL,KSSC,2331,,,0.5,,,
4.2.5,QUKE FOCAL,KSSC,2331,,,0.9,,,
4.2.5,QUKE FOCAL,KSSC,2331,,,2.5,,,
4.2.5,QUKE FOCAL,KSSC,2331,,,6.8,,,
4.2.5,QUKE FOCAL,KSSC,2331,,,1.9,,,
4.2.5,QUKE FOCAL,KSSC,2331,,,0.8,,,
4.2.5,QUKE FOCAL,KSSC,2331,,,0.8,,,
4.2.5,QUKE FOCAL,KSSC,2331,,,0.6,,,
4.2.5,QUKE FOCAL,KSSC,2331,,,1.5,,,
4.2.5,QUKE FOCAL,KSSC,2331,,,1.9,,,
4.2.5,QUKE FOCAL,KSSC,2331,,,0.5,,,
4.2.5,QUKE FOCAL,KSSC,2331,,,0.5,,,
4.2.5,QUKE FOCAL,KSSC,2331,,,0.6,,,
4.2.5,QUKE FOCAL,KSSC,2331,,,0.6,,,
4.2.5,QUKE FOCAL,KSSC,2331,,,1,,,
4.2.5,QUKE FOCAL,KSSC,2331,,,1,,,
4.2.5,QUKE FOCAL,KSSC,2331,,,0.8,,,
4.2.5,QUKE FOCAL,KSSC,2331,,,0.8,,,
4.2.5,QUKE FOCAL,KSSC,2331,,,1,,,
4.2.5,QUKE FOCAL,KSSC,2331,,,2.3,,,
4.2.5,QUKE FOCAL,KSSC,2331,,,1.1,,,
4.2.5,QUKE FOCAL,KSSC,2331,,,1.8,,,
4.2.5,QUKE FOCAL,KSSC,2331,,,1.7,,,
4.2.5,QUKE FOCAL,KSSC,2331,,,1.4,,,
4.2.5,QUKE FOCAL,KSSC,2331,,,1,,,
4.2.5,QUKE FOCAL,KSSC,2331,,,0.8,,,
4.2.5,QUKE FOCAL,KSSC,2331,,,0.8,,,
4.2.5,QUKE FOCAL,KSSC,2331,,,0.5,,,
4.2.5,QUKE FOCAL,KSSC,2331,,,0.6,,,
4.2.5,QUKE FOCAL,KSSC,2331,,,2.4,,,
4.2.5,QUKE FOCAL,KSSC,2331,,,1.5,,,
4.2.5,QUKE FOCAL,KSSC,2331,,,1,,,
4.2.5,QUKE FOCAL,KSSC,2331,,,1.3,,,
4.2.5,QUKE FOCAL,KSSC,2331,,,1.1,,,
4.2.5,QUKE FOCAL,KSSC,2331,,,2.5,,,
4.2.5,QUKE FOCAL,KSSC,2331,,,2.4,,,
4.2.5,QUKE FOCAL,KSSC,2331,,,0.8,,,
4.2.5,QUKE FOCAL,KSSC,2331,,,1.1,,,
4.2.5,QUKE FOCAL,KSSC,2331,,,1.2,,,
4.2.5,QUKE FOCAL,KSSC,2331,,,2.3,,,
4.2.5,QUKE FOCAL,KSSC,2331,,,0.8,,,
4.2.5,QUKE FOCAL,KSSC,2331,,,0.5,,,
4.2.5,QUKE FOCAL,KSSC,2331,,,1.1,,,
4.2.5,QUKE FOCAL,KSSC,2331,,,0.5,,,
4.2.5,QUKE FOCAL,KSSC,2331,,,0.5,,,
4.2.5,QUKE FOCAL,KSSC,2331,,,1,,,
4.2.5,QUKE FOCAL,KSSC,2331,,,1.6,,,
4.2.5,QUKE FOCAL,KSSC,2331,,,1.5,,,
4.2.5,QUKE FOCAL,KSSC,2331,,,1.4,,,
4.2.5,QUKE FOCAL,KSSC,2331,,,0.7,,,
4.2.5,QUKE FOCAL,KSSC,2331,,,1.3,,,
4.2.5,QUKE FOCAL,KSSC,2331,,,0.9,,,
4.2.5,QUKE FOCAL,KSSC,2331,,,0.7,,,
4.2.6,QUKE FOCAL,KSKC,2334,,3.5,2.1,,,
4.2.6,QUKE FOCAL,KSKC,2334,,5.4,0.9,,,
4.2.6,QUKE FOCAL,KSKC,2334,,2.8,1.3,,,
4.2.6,QUKE FOCAL,KSKC,2334,,7.6,1.4,,,
4.2.6,QUKE FOCAL,KSKC,2334,,8.8,1.6,,,
4.2.6,QUKE FOCAL,KSKC,2334,,,1,,,
4.2.6,QUKE FOCAL,KSKC,2334,,,1.2,,,
4.2.6,QUKE FOCAL,KSKC,2334,,,1.1,,,
4.2.6,QUKE FOCAL,KSKC,2334,,,2.6,,,
4.2.6,QUKE FOCAL,KSKC,2334,,,0.5,,,
4.2.6,QUKE FOCAL,KSKC,2334,,,2.3,,,
4.2.6,QUKE FOCAL,KSKC,2334,,,0.8,,,
4.2.6,QUKE FOCAL,KSKC,2334,,,3.3,,,
4.2.6,QUKE FOCAL,KSKC,2334,,,0.6,,,
4.2.6,QUKE FOCAL,KSKC,2334,,,2.2,,,
4.3.1,QUKE FOCAL,KSKC,2310,4.8,,2.4,,,
4.3.1,QUKE FOCAL,KSKC,2310,2.6,,2.4,,,
4.3.1,QUKE FOCAL,KSKC,2310,7.3,,1,,,
4.3.1,QUKE FOCAL,KSKC,2310,8,,0.5,,,
4.3.1,QUKE FOCAL,KSKC,2310,5.9,,2.2,,,
4.3.1,QUKE FOCAL,KSKC,2310,6.2,,2,,,
4.3.1,QUKE FOCAL,KSKC,2310,9.4,,1.8,,,
4.3.1,QUKE FOCAL,KSKC,2310,8.3,,2.2,,,
4.3.1,QUKE FOCAL,KSKC,2310,10,,2.2,,,
4.3.1,QUKE FOCAL,KSKC,2310,9.3,,1.4,,,
4.3.1,QUKE FOCAL,KSKC,2310,8.8,,0.5,,,
4.3.1,QUKE FOCAL,KSKC,2310,5,,1.6,,,
4.3.1,QUKE FOCAL,KSKC,2310,3,,0.5,,,
4.3.1,QUKE FOCAL,KSKC,2310,3.5,,0.8,,,
4.3.1,QUKE FOCAL,KSKC,2310,,,0.9,,,
4.3.1,QUKE FOCAL,KSKC,2310,,,1.4,,,
4.3.1,QUKE FOCAL,KSKC,2310,,,0.8,,,
4.3.1,QUKE FOCAL,KSKC,2310,,,2.4,,,
4.3.1,QUKE FOCAL,KSKC,2310,,,2.3,,,
4.3.1,QUKE FOCAL,KSKC,2310,,,2.2,,,
4.3.1,QUKE FOCAL,KSKC,2310,,,1.5,,,
4.3.1,QUKE FOCAL,KSKC,2310,,,0.5,,,
4.3.1,QUKE FOCAL,KSKC,2310,,,0.6,,,
4.3.1,QUKE FOCAL,KSKC,2310,,,0.8,,,
4.3.1,QUKE FOCAL,KSKC,2310,,,0.6,,,
4.3.1,QUKE FOCAL,KSKC,2310,,,2.3,,,
4.3.1,QUKE FOCAL,KSKC,2310,,,1.3,,,
4.3.1,QUKE FOCAL,KSKC,2310,,,1.9,,,
4.3.1,QUKE FOCAL,KSKC,2310,,,0.7,,,
4.3.1,QUKE FOCAL,KSKC,2310,,,2,,,
4.3.1,QUKE FOCAL,KSKC,2310,,,1.6,,,
4.3.1,QUKE FOCAL,KSKC,2310,,,2,,,
4.3.1,QUKE FOCAL,KSKC,2310,,,2.2,,,
4.3.1,QUKE FOCAL,KSKC,2310,,,1.5,,,
4.3.1,QUKE FOCAL,KSKC,2310,,,0.9,,,
4.3.1,QUKE FOCAL,KSKC,2310,,,0.8,,,
4.3.1,QUKE FOCAL,KSKC,2310,,,0.7,,,
4.3.1,QUKE FOCAL,KSKC,2310,,,0.9,,,
4.3.1,QUKE FOCAL,KSKC,2310,,,1.7,,,
4.3.1,QUKE FOCAL,KSKC,2310,,,2,,,
4.3.1,QUKE FOCAL,KSKC,2310,,,1.1,,,
4.3.1,QUKE FOCAL,KSKC,2310,,,0.8,,,
4.3.1,QUKE FOCAL,KSKC,2310,,,1.3,,,
4.3.1,QUKE FOCAL,KSKC,2310,,,0.7,,,
4.3.1,QUKE FOCAL,KSKC,2310,,,1.1,,,
4.3.1,QUKE FOCAL,KSKC,2310,,,1.4,,,
4.3.1,QUKE FOCAL,KSKC,2310,,,1.6,,,
4.3.1,QUKE FOCAL,KSKC,2310,,,1.2,,,
4.3.1,QUKE FOCAL,KSKC,2310,,,2.1,,,
4.3.1,QUKE FOCAL,KSKC,2310,,,1.2,,,
4.3.1,QUKE FOCAL,KSKC,2310,,,1.1,,,
4.3.1,QUKE FOCAL,KSKC,2310,,,0.7,,,
4.3.1,QUKE FOCAL,KSKC,2310,,,1.4,,,
4.3.1,QUKE FOCAL,KSKC,2310,,,1.9,,,
4.3.1,QUKE FOCAL,KSKC,2310,,,1.9,,,
4.3.1,QUKE FOCAL,KSKC,2310,,,0.4,,,
4.3.1,QUKE FOCAL,KSKC,2310,,,0.4,,,
4.3.1,QUKE FOCAL,KSKC,2310,,,1.8,,,
4.3.1,QUKE FOCAL,KSKC,2310,,,1.6,,,
4.3.1,QUKE FOCAL,KSKC,2310,,,0.6,,,
4.3.1,QUKE FOCAL,KSKC,2310,,,1,,,
4.3.1,QUKE FOCAL,KSKC,2310,,,1.3,,,
4.3.1,QUKE FOCAL,KSKC,2310,,,0.6,,,
4.3.1,QUKE FOCAL,KSKC,2310,,,1.1,,,
4.3.1,QUKE FOCAL,KSKC,2310,,,1.3,,,
4.3.1,QUKE FOCAL,KSKC,2310,,,1.1,,,
4.3.1,QUKE FOCAL,KSKC,2310,,,1.4,,,
4.3.1,QUKE FOCAL,KSKC,2310,,,0.5,,,
4.3.1,QUKE FOCAL,KSKC,2310,,,1.2,,,
4.3.1,QUKE FOCAL,KSKC,2310,,,0.9,,,
4.3.1,QUKE FOCAL,KSKC,2310,,,0.6,,,
4.3.1,QUKE FOCAL,KSKC,2310,,,1.3,,,
4.3.1,QUKE FOCAL,KSKC,2310,,,1.2,,,
4.3.1,QUKE FOCAL,KSKC,2310,,,0.4,,,
4.3.1,QUKE FOCAL,KSKC,2310,,,0.3,,,
4.3.1,QUKE FOCAL,KSKC,2310,,,1,,,
4.3.1,QUKE FOCAL,KSKC,2310,,,1.9,,,
4.3.2,QUKE FOCAL,KSKC,2401,2,,2.5,,,
4.3.2,QUKE FOCAL,KSKC,2401,10.4,,2,,,
4.3.2,QUKE FOCAL,KSKC,2401,8.2,,2.4,,,
4.3.2,QUKE FOCAL,KSKC,2401,,,2.5,,,
4.3.2,QUKE FOCAL,KSKC,2401,,,3.3,,,
4.3.2,QUKE FOCAL,KSKC,2401,,,2.4,,,
4.3.2,QUKE FOCAL,KSKC,2401,,,2.3,,,
4.3.2,QUKE FOCAL,KSKC,2401,,,2.2,,,
4.3.2,QUKE FOCAL,KSKC,2401,,,0.8,,,
4.3.2,QUKE FOCAL,KSKC,2401,,,0.5,,,
4.3.2,QUKE FOCAL,KSKC,2401,,,2.4,,,
4.3.2,QUKE FOCAL,KSKC,2401,,,0.4,,,
4.3.2,QUKE FOCAL,KSKC,2401,,,1.1,,,
4.3.2,QUKE FOCAL,KSKC,2401,,,2.3,,,
4.3.2,QUKE FOCAL,KSKC,2401,,,0.6,,,
4.3.2,QUKE FOCAL,KSKC,2401,,,0.7,,,
4.3.2,QUKE FOCAL,KSKC,2401,,,2.7,,,
4.3.2,QUKE FOCAL,KSKC,2401,,,0.6,,,
4.3.2,QUKE FOCAL,KSKC,2401,,,0.7,,,
4.3.2,QUKE FOCAL,KSKC,2401,,,0.8,,,
4.3.2,QUKE FOCAL,KSKC,2401,,,0.9,,,
4.3.2,QUKE FOCAL,KSKC,2401,,,0.6,,,
4.3.2,QUKE FOCAL,KSKC,2401,,,1.3,,,
4.3.2,QUKE FOCAL,KSKC,2401,,,0.7,,,
4.3.2,QUKE FOCAL,KSKC,2401,,,0.4,,,
4.3.2,QUKE FOCAL,KSKC,2401,,,0.7,,,
4.3.2,QUKE FOCAL,KSKC,2401,,,3.9,,,
4.3.2,QUKE FOCAL,KSKC,2401,,,0.4,,,
4.3.2,QUKE FOCAL,KSKC,2401,,,0.6,,,
4.3.2,QUKE FOCAL,KSKC,2401,,,0.6,,,
4.3.2,QUKE FOCAL,KSKC,2401,,,1,,,
4.3.2,QUKE FOCAL,KSKC,2401,,,2.4,,,
4.3.2,QUKE FOCAL,KSKC,2401,,,2.5,,,
4.3.2,QUKE FOCAL,KSKC,2401,,,0.9,,,
4.3.2,QUKE FOCAL,KSKC,2401,,,0.9,,,
4.3.2,QUKE FOCAL,KSKC,2401,,,2.1,,,
4.3.2,QUKE FOCAL,KSKC,2401,,,2.5,,,
4.3.2,QUKE FOCAL,KSKC,2401,,,0.8,,,
4.3.2,QUKE FOCAL,KSKC,2401,,,0.8,,,
4.3.2,QUKE FOCAL,KSKC,2401,,,1.1,,,
4.3.2,QUKE FOCAL,KSKC,2401,,,1.3,,,
4.3.2,QUKE FOCAL,KSKC,2401,,,2.4,,,
4.3.2,QUKE FOCAL,KSKC,2401,,,0.7,,,
4.3.2,QUKE FOCAL,KSKC,2401,,,1.3,,,
4.3.2,QUKE FOCAL,KSKC,2401,,,4,,,
4.3.2,QUKE FOCAL,KSKC,2401,,,2,,,
4.3.3,QUKE FOCAL,KSKC,2388,0.4,,0.8,,,
4.3.3,QUKE FOCAL,KSKC,2388,0.3,,0.7,,,
4.3.3,QUKE FOCAL,KSKC,2388,0.4,,1.1,,,
4.3.3,QUKE FOCAL,KSKC,2388,0.3,,1.1,,,
4.3.3,QUKE FOCAL,KSKC,2388,0.4,,1,,,
4.3.3,QUKE FOCAL,KSKC,2388,0.4,,1.4,,,
4.3.3,QUKE FOCAL,KSKC,2388,0.4,,3.9,,,
4.3.3,QUKE FOCAL,KSKC,2388,8.9,,2.2,,,
4.3.3,QUKE FOCAL,KSKC,2388,,,0.6,,,
4.3.3,QUKE FOCAL,KSKC,2388,,,2.2,,,
4.3.3,QUKE FOCAL,KSKC,2388,,,0.6,,,
4.3.3,QUKE FOCAL,KSKC,2388,,,0.7,,,
4.3.3,QUKE FOCAL,KSKC,2388,,,1.8,,,
4.3.3,QUKE FOCAL,KSKC,2388,,,3.5,,,
4.3.3,QUKE FOCAL,KSKC,2388,,,1.1,,,
4.3.3,QUKE FOCAL,KSKC,2388,,,0.8,,,
4.3.3,QUKE FOCAL,KSKC,2388,,,1.4,,,
4.3.3,QUKE FOCAL,KSKC,2388,,,1.9,,,
4.3.3,QUKE FOCAL,KSKC,2388,,,0.8,,,
4.3.3,QUKE FOCAL,KSKC,2388,,,1,,,
4.3.3,QUKE FOCAL,KSKC,2388,,,0.7,,,
4.3.3,QUKE FOCAL,KSKC,2388,,,1,,,
4.3.3,QUKE FOCAL,KSKC,2388,,,2.1,,,
4.3.3,QUKE FOCAL,KSKC,2388,,,0.6,,,
4.3.4,QUKE FOCAL,KSKC,2386,0.5,,1.4,,,
4.3.4,QUKE FOCAL,KSKC,2386,0.5,,1.8,,,
4.3.4,QUKE FOCAL,KSKC,2386,6.5,,1.2,,,
4.3.4,QUKE FOCAL,KSKC,2386,1.3,,0.5,,,
4.3.4,QUKE FOCAL,KSKC,2386,0.4,,0.7,,,
4.3.4,QUKE FOCAL,KSKC,2386,0.4,,0.7,,,
4.3.4,QUKE FOCAL,KSKC,2386,1,,1.4,,,
4.3.4,QUKE FOCAL,KSKC,2386,2.7,,1.8,,,
4.3.4,QUKE FOCAL,KSKC,2386,5.5,,2.7,,,
4.3.4,QUKE FOCAL,KSKC,2386,0.5,,1.3,,,
4.3.4,QUKE FOCAL,KSKC,2386,0.4,,1.4,,,
4.3.4,QUKE FOCAL,KSKC,2386,0.4,,2.6,,,
4.3.4,QUKE FOCAL,KSKC,2386,0.3,,3.5,,,
4.3.4,QUKE FOCAL,KSKC,2386,1.5,,0.5,,,
4.3.4,QUKE FOCAL,KSKC,2386,2.9,,0.2,,,
4.3.4,QUKE FOCAL,KSKC,2386,5.4,,1.2,,,
4.3.4,QUKE FOCAL,KSKC,2386,0.6,,0.8,,,
4.3.4,QUKE FOCAL,KSKC,2386,0.4,,0.6,,,
4.3.4,QUKE FOCAL,KSKC,2386,0.3,,0.5,,,
4.3.4,QUKE FOCAL,KSKC,2386,0.2,,1.2,,,
4.3.4,QUKE FOCAL,KSKC,2386,0.3,,1.1,,,
4.3.4,QUKE FOCAL,KSKC,2386,0.6,,0.8,,,
4.3.4,QUKE FOCAL,KSKC,2386,2.7,,2.2,,,
4.3.4,QUKE FOCAL,KSKC,2386,1.2,,0.6,,,
4.3.4,QUKE FOCAL,KSKC,2386,0.5,,0.3,,,
4.3.4,QUKE FOCAL,KSKC,2386,3,,0.3,,,
4.3.4,QUKE FOCAL,KSKC,2386,0.6,,0.6,,,
4.3.4,QUKE FOCAL,KSKC,2386,2,,1.2,,,
4.3.4,QUKE FOCAL,KSKC,2386,1.2,,0.6,,,
4.3.4,QUKE FOCAL,KSKC,2386,6.5,,1.6,,,
4.3.4,QUKE FOCAL,KSKC,2386,8.4,,2.6,,,
4.3.4,QUKE FOCAL,KSKC,2386,3.2,,1.4,,,
4.3.4,QUKE FOCAL,KSKC,2386,10.5,,0.8,,,
4.3.4,QUKE FOCAL,KSKC,2386,3.2,,0.8,,,
4.3.4,QUKE FOCAL,KSKC,2386,,,0.6,,,
4.3.4,QUKE FOCAL,KSKC,2386,,,1.8,,,
4.3.4,QUKE FOCAL,KSKC,2386,,,1.7,,,
4.3.4,QUKE FOCAL,KSKC,2386,,,1.1,,,
4.3.4,QUKE FOCAL,KSKC,2386,,,1.8,,,
4.3.4,QUKE FOCAL,KSKC,2386,,,1.1,,,
4.3.4,QUKE FOCAL,KSKC,2386,,,0.4,,,
4.3.4,QUKE FOCAL,KSKC,2386,,,1.3,,,
4.3.4,QUKE FOCAL,KSKC,2386,,,2.1,,,
4.3.4,QUKE FOCAL,KSKC,2386,,,1.9,,,
4.3.4,QUKE FOCAL,KSKC,2386,,,2,,,
4.3.4,QUKE FOCAL,KSKC,2386,,,0.8,,,
4.3.4,QUKE FOCAL,KSKC,2386,,,0.7,,,
4.3.4,QUKE FOCAL,KSKC,2386,,,0.8,,,
4.3.4,QUKE FOCAL,KSKC,2386,,,0.5,,,
4.3.4,QUKE FOCAL,KSKC,2386,,,0.7,,,
4.3.4,QUKE FOCAL,KSKC,2386,,,0.7,,,
4.3.4,QUKE FOCAL,KSKC,2386,,,1.2,,,
4.3.4,QUKE FOCAL,KSKC,2386,,,1.7,,,
4.3.4,QUKE FOCAL,KSKC,2386,,,0.6,,,
4.3.4,QUKE FOCAL,KSKC,2386,,,2.1,,,
4.3.4,QUKE FOCAL,KSKC,2386,,,1.9,,,
4.3.4,QUKE FOCAL,KSKC,2386,,,0.7,,,
4.3.4,QUKE FOCAL,KSKC,2386,,,1.3,,,
4.3.4,QUKE FOCAL,KSKC,2386,,,0.7,,,
4.3.4,QUKE FOCAL,KSKC,2386,,,1.9,,,
4.3.4,QUKE FOCAL,KSKC,2386,,,1.1,,,
4.3.4,QUKE FOCAL,KSKC,2386,,,1.1,,,
4.3.4,QUKE FOCAL,KSKC,2386,,,0.3,,,
4.3.4,QUKE FOCAL,KSKC,2386,,,1.9,,,
4.3.4,QUKE FOCAL,KSKC,2386,,,1.4,,,
4.3.4,QUKE FOCAL,KSKC,2386,,,1,,,
4.3.4,QUKE FOCAL,KSKC,2386,,,0.7,,,
4.3.4,QUKE FOCAL,KSKC,2386,,,1.9,,,
4.3.4,QUKE FOCAL,KSKC,2386,,,0.6,,,
4.3.4,QUKE FOCAL,KSKC,2386,,,0.5,,,
4.3.4,QUKE FOCAL,KSKC,2386,,,1.3,,,
4.3.4,QUKE FOCAL,KSKC,2386,,,0.9,,,
4.3.4,QUKE FOCAL,KSKC,2386,,,0.9,,,
4.3.4,QUKE FOCAL,KSKC,2386,,,0.4,,,
4.3.4,QUKE FOCAL,KSKC,2386,,,1.9,,,
4.3.4,QUKE FOCAL,KSKC,2386,,,1.3,,,
4.3.4,QUKE FOCAL,KSKC,2386,,,1.7,,,
4.3.4,QUKE FOCAL,KSKC,2386,,,3.2,,,
4.3.4,QUKE FOCAL,KSKC,2386,,,0.8,,,
4.3.5,QUKE FOCAL,KSKC,2321,0.3,9.7,1.2,,,
4.3.5,QUKE FOCAL,KSKC,2321,0.3,9.6,2,,,
4.3.5,QUKE FOCAL,KSKC,2321,0.6,11.4,2.3,,,
4.3.5,QUKE FOCAL,KSKC,2321,0.4,2.1,1.8,,,
4.3.5,QUKE FOCAL,KSKC,2321,0.3,,2.3,,,
4.3.5,QUKE FOCAL,KSKC,2321,0.3,,1.2,,,
4.3.5,QUKE FOCAL,KSKC,2321,,,0.7,,,
4.3.5,QUKE FOCAL,KSKC,2321,,,0.6,,,
4.3.5,QUKE FOCAL,KSKC,2321,,,1.9,,,
4.3.5,QUKE FOCAL,KSKC,2321,,,1.7,,,
4.3.5,QUKE FOCAL,KSKC,2321,,,0.7,,,
4.3.5,QUKE FOCAL,KSKC,2321,,,1.1,,,
4.3.5,QUKE FOCAL,KSKC,2321,,,0.6,,,
4.3.5,QUKE FOCAL,KSKC,2321,,,0.5,,,
4.3.5,QUKE FOCAL,KSKC,2321,,,0.9,,,
4.3.5,QUKE FOCAL,KSKC,2321,,,2.2,,,
4.3.5,QUKE FOCAL,KSKC,2321,,,2.2,,,
4.3.5,QUKE FOCAL,KSKC,2321,,,1.8,,,
4.3.5,QUKE FOCAL,KSKC,2321,,,2.1,,,
4.3.5,QUKE FOCAL,KSKC,2321,,,1.8,,,
4.3.5,QUKE FOCAL,KSKC,2321,,,0.8,,,
4.3.5,QUKE FOCAL,KSKC,2321,,,0.6,,,
4.3.5,QUKE FOCAL,KSKC,2321,,,0.6,,,
4.3.5,QUKE FOCAL,KSKC,2321,,,0.4,,,
4.3.5,QUKE FOCAL,KSKC,2321,,,2.4,,,
4.3.5,QUKE FOCAL,KSKC,2321,,,0.7,,,
4.3.5,QUKE FOCAL,KSKC,2321,,,0.7,,,
4.3.5,QUKE FOCAL,KSKC,2321,,,0.5,,,
4.3.6,QUKE FOCAL,KSKC,2412,,7.5,1.6,,,
4.3.6,QUKE FOCAL,KSKC,2412,,5.2,0.6,,,
4.3.6,QUKE FOCAL,KSKC,2412,,6.3,0.9,,,
4.3.6,QUKE FOCAL,KSKC,2412,,13.9,0.4,,,
4.3.6,QUKE FOCAL,KSKC,2412,,4.3,3.4,,,
4.3.6,QUKE FOCAL,KSKC,2412,,,2.8,,,
4.3.6,QUKE FOCAL,KSKC,2412,,,1.3,,,
4.3.6,QUKE FOCAL,KSKC,2412,,,0.6,,,
4.3.6,QUKE FOCAL,KSKC,2412,,,1.1,,,
4.3.6,QUKE FOCAL,KSKC,2412,,,0.9,,,
4.3.6,QUKE FOCAL,KSKC,2412,,,0.5,,,
4.3.6,QUKE FOCAL,KSKC,2412,,,2.3,,,
4.3.6,QUKE FOCAL,KSKC,2412,,,1.6,,,
4.3.6,QUKE FOCAL,KSKC,2412,,,1.6,,,
4.3.6,QUKE FOCAL,KSKC,2412,,,0.7,,,
4.3.6,QUKE FOCAL,KSKC,2412,,,0.4,,,
4.3.6,QUKE FOCAL,KSKC,2412,,,3,,,
4.3.6,QUKE FOCAL,KSKC,2412,,,5,,,
4.3.6,QUKE FOCAL,KSKC,2412,,,1.5,,,
4.3.6,QUKE FOCAL,KSKC,2412,,,0.6,,,
4.3.6,QUKE FOCAL,KSKC,2412,,,1,,,
4.3.6,QUKE FOCAL,KSKC,2412,,,1,,,
4.4.1,QUKE FOCAL,KSKC,2397,0.5,,1.8,,,unk pre-storrie stump
4.4.1,QUKE FOCAL,KSKC,2397,11.3,,1.3,,,
4.4.1,QUKE FOCAL,KSKC,2397,8.2,,1.1,,,
4.4.1,QUKE FOCAL,KSKC,2397,8.1,,1.9,,,
4.4.1,QUKE FOCAL,KSKC,2397,11,,1.4,,,
4.4.1,QUKE FOCAL,KSKC,2397,6.6,,1.4,,,
4.4.1,QUKE FOCAL,KSKC,2397,9.4,,0.8,,,
4.4.1,QUKE FOCAL,KSKC,2397,4.2,,1.4,,,
4.4.1,QUKE FOCAL,KSKC,2397,8.6,,1.3,,,
4.4.1,QUKE FOCAL,KSKC,2397,2.9,,1.7,,,
4.4.1,QUKE FOCAL,KSKC,2397,3.8,,0.6,,,
4.4.1,QUKE FOCAL,KSKC,2397,,,1.7,,,
4.4.1,QUKE FOCAL,KSKC,2397,,,0.7,,,
4.4.1,QUKE FOCAL,KSKC,2397,,,1.1,,,
4.4.1,QUKE FOCAL,KSKC,2397,,,1.1,,,
4.4.1,QUKE FOCAL,KSKC,2397,,,0.5,,,
4.4.1,QUKE FOCAL,KSKC,2397,,,1.2,,,
4.4.1,QUKE FOCAL,KSKC,2397,,,0.7,,,
4.4.1,QUKE FOCAL,KSKC,2397,,,1.9,,,
4.4.1,QUKE FOCAL,KSKC,2397,,,1.4,,,
4.4.1,QUKE FOCAL,KSKC,2397,,,1.4,,,
4.4.1,QUKE FOCAL,KSKC,2397,,,1.3,,,
4.4.1,QUKE FOCAL,KSKC,2397,,,1.4,,,
4.4.1,QUKE FOCAL,KSKC,2397,,,1.7,,,
4.4.1,QUKE FOCAL,KSKC,2397,,,1.3,,,
4.4.1,QUKE FOCAL,KSKC,2397,,,0.5,,,
4.4.1,QUKE FOCAL,KSKC,2397,,,0.9,,,
4.4.1,QUKE FOCAL,KSKC,2397,,,0.4,,,
4.4.1,QUKE FOCAL,KSKC,2397,,,0.3,,,
4.4.1,QUKE FOCAL,KSKC,2397,,,1.3,,,
4.4.1,QUKE FOCAL,KSKC,2397,,,1.4,,,
4.4.1,QUKE FOCAL,KSKC,2397,,,1.6,,,
4.4.1,QUKE FOCAL,KSKC,2397,,,1,,,
4.4.1,QUKE FOCAL,KSKC,2397,,,1.1,,,
4.4.1,QUKE FOCAL,KSKC,2397,,,3.1,,,
4.4.1,QUKE FOCAL,KSKC,2397,,,0.7,,,
4.4.1,QUKE FOCAL,KSKC,2397,,,1.9,,,
4.4.1,QUKE FOCAL,KSKC,2397,,,0.4,,,
4.4.1,QUKE FOCAL,KSKC,2397,,,0.3,,,
4.4.1,QUKE FOCAL,KSKC,2397,,,1.2,,,
4.4.1,QUKE FOCAL,KSKC,2397,,,1.6,,,
4.4.1,QUKE FOCAL,KSKC,2397,,,2.1,,,
4.4.1,QUKE FOCAL,KSKC,2397,,,2.3,,,
4.4.1,QUKE FOCAL,KSKC,2397,,,1.1,,,
4.4.1,QUKE FOCAL,KSKC,2397,,,1.4,,,
4.4.1,QUKE FOCAL,KSKC,2397,,,2,,,
4.4.1,QUKE FOCAL,KSKC,2397,,,2.1,,,
4.4.1,QUKE FOCAL,KSKC,2397,,,2,,,
4.4.1,QUKE FOCAL,KSKC,2397,,,1.7,,,
4.4.1,QUKE FOCAL,KSKC,2397,,,1.6,,,
4.4.1,QUKE FOCAL,KSKC,2397,,,0.8,,,
4.4.1,QUKE FOCAL,KSKC,2397,,,0.8,,,
4.4.1,QUKE FOCAL,KSKC,2397,,,0.5,,,
4.4.1,QUKE FOCAL,KSKC,2397,,,0.5,,,
4.4.1,QUKE FOCAL,KSKC,2397,,,0.2,,,
4.4.1,QUKE FOCAL,KSKC,2397,,,0.2,,,
4.4.1,QUKE FOCAL,KSKC,2397,,,1.9,,,
4.4.1,QUKE FOCAL,KSKC,2397,,,2,,,
4.4.1,QUKE FOCAL,KSKC,2397,,,2.1,,,
4.4.1,QUKE FOCAL,KSKC,2397,,,0.6,,,
4.4.1,QUKE FOCAL,KSKC,2397,,,0.8,,,
4.4.1,QUKE FOCAL,KSKC,2397,,,2,,,
4.4.1,QUKE FOCAL,KSKC,2397,,,1.1,,,
4.4.1,QUKE FOCAL,KSKC,2397,,,1.9,,,
4.4.1,QUKE FOCAL,KSKC,2397,,,0.6,,,
4.4.1,QUKE FOCAL,KSKC,2397,,,1.2,,,
4.4.1,QUKE FOCAL,KSKC,2397,,,0.7,,,
4.4.1,QUKE FOCAL,KSKC,2397,,,1.2,,,
4.4.1,QUKE FOCAL,KSKC,2397,,,0.3,,,
4.4.1,QUKE FOCAL,KSKC,2397,,,0.8,,,
4.4.1,QUKE FOCAL,KSKC,2397,,,1.1,,,
4.4.1,QUKE FOCAL,KSKC,2397,,,2.5,,,
4.4.1,QUKE FOCAL,KSKC,2397,,,1,,,
4.4.1,QUKE FOCAL,KSKC,2397,,,2.2,,,
4.4.1,QUKE FOCAL,KSKC,2397,,,1.9,,,
4.4.1,QUKE FOCAL,KSKC,2397,,,0.6,,,
4.4.2,QUKE FOCAL,KSKC,2500,7.3,,0.9,,,
4.4.2,QUKE FOCAL,KSKC,2500,2.1,,1.2,,,
4.4.2,QUKE FOCAL,KSKC,2500,1.4,,0.6,,,
4.4.2,QUKE FOCAL,KSKC,2500,4.5,,2.2,,,
4.4.2,QUKE FOCAL,KSKC,2500,1.4,,2.6,,,
4.4.2,QUKE FOCAL,KSKC,2500,,,1.8,,,
4.4.2,QUKE FOCAL,KSKC,2500,,,1.2,,,
4.4.2,QUKE FOCAL,KSKC,2500,,,1,,,
4.4.2,QUKE FOCAL,KSKC,2500,,,1,,,
4.4.2,QUKE FOCAL,KSKC,2500,,,0.8,,,
4.4.2,QUKE FOCAL,KSKC,2500,,,1.7,,,
4.4.2,QUKE FOCAL,KSKC,2500,,,1,,,
4.4.2,QUKE FOCAL,KSKC,2500,,,1.3,,,
4.4.2,QUKE FOCAL,KSKC,2500,,,3.3,,,
4.4.2,QUKE FOCAL,KSKC,2500,,,1.8,,,
4.4.2,QUKE FOCAL,KSKC,2500,,,1.5,,,
4.4.2,QUKE FOCAL,KSKC,2500,,,2.1,,,
4.4.2,QUKE FOCAL,KSKC,2500,,,1.4,,,
4.4.2,QUKE FOCAL,KSKC,2500,,,1.8,,,
4.4.3,QUKE FOCAL,KSKC,2499,6.2,,,,1.8,
4.4.3,QUKE FOCAL,KSKC,2499,3.9,,,,1.9,
4.4.3,QUKE FOCAL,KSKC,2499,2,,,,0.4,
4.4.3,QUKE FOCAL,KSKC,2499,2.4,,,,1,
4.4.3,QUKE FOCAL,KSKC,2499,2.3,,,,2,
4.4.3,QUKE FOCAL,KSKC,2499,2.5,,,,0.5,
4.4.3,QUKE FOCAL,KSKC,2499,5.9,,,,0.4,
4.4.3,QUKE FOCAL,KSKC,2499,2.1,,,,1,
4.4.3,QUKE FOCAL,KSKC,2499,0.6,,,,,
4.4.4,QUKE FOCAL,KSKC,2497,,,3.2,,,
4.4.4,QUKE FOCAL,KSKC,2497,,,2.3,,,
4.4.4,QUKE FOCAL,KSKC,2497,,,2.6,,,
4.4.4,QUKE FOCAL,KSKC,2497,,,0.9,,,
4.4.4,QUKE FOCAL,KSKC,2497,,,0.8,,,
4.4.4,QUKE FOCAL,KSKC,2497,,,1.7,,,
4.4.4,QUKE FOCAL,KSKC,2497,,,0.8,,,
4.4.4,QUKE FOCAL,KSKC,2497,,,2.3,,,
4.4.4,QUKE FOCAL,KSKC,2497,,,2.1,,,
4.4.4,QUKE FOCAL,KSKC,2497,,,0.6,,,
4.4.4,QUKE FOCAL,KSKC,2497,,,0.9,,,
4.4.4,QUKE FOCAL,KSKC,2497,,,0.9,,,
4.4.4,QUKE FOCAL,KSKC,2497,,,0.9,,,
4.4.4,QUKE FOCAL,KSKC,2497,,,2,,,
4.4.4,QUKE FOCAL,KSKC,2497,,,1.2,,,
4.4.4,QUKE FOCAL,KSKC,2497,,,1.6,,,
4.4.5,QUKE FOCAL,KSKC,2371,,8.7,3.9,,,
4.4.5,QUKE FOCAL,KSKC,2371,,6,2.9,,,
4.4.5,QUKE FOCAL,KSKC,2371,,7,2.5,,,
4.4.5,QUKE FOCAL,KSKC,2371,,4.6,2,,,
4.4.5,QUKE FOCAL,KSKC,2371,,2.4,1.8,,,
4.4.5,QUKE FOCAL,KSKC,2371,,9.7,2.8,,,
4.4.5,QUKE FOCAL,KSKC,2371,,8.9,1.5,,,
4.4.5,QUKE FOCAL,KSKC,2371,,9,1.6,,,
4.4.5,QUKE FOCAL,KSKC,2371,,5.2,0.8,,,
4.4.5,QUKE FOCAL,KSKC,2371,,9.3,1.2,,,
4.4.5,QUKE FOCAL,KSKC,2371,,8.2,1,,,
4.4.5,QUKE FOCAL,KSKC,2371,,8.2,1.2,,,
4.4.5,QUKE FOCAL,KSKC,2371,,,1.4,,,
4.4.5,QUKE FOCAL,KSKC,2371,,,1.8,,,
4.4.5,QUKE FOCAL,KSKC,2371,,,0.7,,,
4.4.5,QUKE FOCAL,KSKC,2371,,,1.3,,,
4.4.5,QUKE FOCAL,KSKC,2371,,,0.2,,,
4.4.5,QUKE FOCAL,KSKC,2371,,,0.6,,,
4.4.5,QUKE FOCAL,KSKC,2371,,,2.8,,,
4.4.5,QUKE FOCAL,KSKC,2371,,,1.6,,,
4.4.5,QUKE FOCAL,KSKC,2371,,,0.6,,,
4.4.5,QUKE FOCAL,KSKC,2371,,,2.4,,,
4.4.5,QUKE FOCAL,KSKC,2371,,,1.1,,,
4.4.5,QUKE FOCAL,KSKC,2371,,,3.8,,,
4.4.5,QUKE FOCAL,KSKC,2371,,,1.6,,,
4.4.5,QUKE FOCAL,KSKC,2371,,,4,,,
4.4.5,QUKE FOCAL,KSKC,2371,,,1.7,,,
4.4.5,QUKE FOCAL,KSKC,2371,,,2.7,,,
4.4.5,QUKE FOCAL,KSKC,2371,,,2.3,,,
4.4.5,QUKE FOCAL,KSKC,2371,,,0.4,,,
4.4.5,QUKE FOCAL,KSKC,2371,,,4.2,,,
4.4.5,QUKE FOCAL,KSKC,2371,,,2.6,,,
4.4.5,QUKE FOCAL,KSKC,2371,,,1.8,,,
4.4.5,QUKE FOCAL,KSKC,2371,,,1.1,,,
4.4.5,QUKE FOCAL,KSKC,2371,,,1.4,,,
4.4.5,QUKE FOCAL,KSKC,2371,,,1.1,,,
4.4.5,QUKE FOCAL,KSKC,2371,,,2.7,,,
4.4.5,QUKE FOCAL,KSKC,2371,,,1.6,,,
4.4.5,QUKE FOCAL,KSKC,2371,,,5.5,,,
4.4.5,QUKE FOCAL,KSKC,2371,,,1.5,,,
4.4.5,QUKE FOCAL,KSKC,2371,,,2.3,,,
4.4.5,QUKE FOCAL,KSKC,2371,,,2.3,,,
4.4.5,QUKE FOCAL,KSKC,2371,,,1,,,
4.4.5,QUKE FOCAL,KSKC,2371,,,1,,,
4.4.5,QUKE FOCAL,KSKC,2371,,,1.1,,,
4.4.5,QUKE FOCAL,KSKC,2371,,,0.4,,,
4.4.5,QUKE FOCAL,KSKC,2371,,,1,,,
4.4.5,QUKE FOCAL,KSKC,2371,,,0.4,,,
4.4.6,QUKE FOCAL,KSKC,2365,,6.8,3.5,,,
4.4.6,QUKE FOCAL,KSKC,2365,,15.3,1.5,,,
4.4.6,QUKE FOCAL,KSKC,2365,,3,1.8,,,
4.4.6,QUKE FOCAL,KSKC,2365,,9,0.9,,,
4.4.6,QUKE FOCAL,KSKC,2365,,8.3,1.9,,,
4.4.6,QUKE FOCAL,KSKC,2365,,6.6,1.3,,,
4.4.6,QUKE FOCAL,KSKC,2365,,11.1,0.9,,,
4.4.6,QUKE FOCAL,KSKC,2365,,4.5,2.6,,,
4.4.6,QUKE FOCAL,KSKC,2365,,,3.6,,,
4.4.6,QUKE FOCAL,KSKC,2365,,,1.9,,,
4.4.6,QUKE FOCAL,KSKC,2365,,,4.1,,,
4.4.6,QUKE FOCAL,KSKC,2365,,,1.1,,,
4.4.6,QUKE FOCAL,KSKC,2365,,,0.7,,,
4.4.6,QUKE FOCAL,KSKC,2365,,,2.2,,,
4.4.6,QUKE FOCAL,KSKC,2365,,,0.6,,,
4.4.6,QUKE FOCAL,KSKC,2365,,,1.4,,,
4.4.6,QUKE FOCAL,KSKC,2365,,,0.5,,,
4.4.6,QUKE FOCAL,KSKC,2365,,,2.3,,,
4.4.6,QUKE FOCAL,KSKC,2365,,,0.5,,,
4.4.6,QUKE FOCAL,KSKC,2365,,,1.7,,,
4.4.6,QUKE FOCAL,KSKC,2365,,,2.1,,,
4.4.6,QUKE FOCAL,KSKC,2365,,,0.8,,,
4.4.6,QUKE FOCAL,KSKC,2365,,,1.7,,,
4.4.6,QUKE FOCAL,KSKC,2365,,,0.7,,,
4.4.6,QUKE FOCAL,KSKC,2365,,,3.2,,,
4.4.6,QUKE FOCAL,KSKC,2365,,,2,,,
4.4.6,QUKE FOCAL,KSKC,2365,,,2.4,,,
4.4.6,QUKE FOCAL,KSKC,2365,,,1.3,,,
4.4.6,QUKE FOCAL,KSKC,2365,,,0.7,,,
4.4.6,QUKE FOCAL,KSKC,2365,,,0.8,,,
4.4.6,QUKE FOCAL,KSKC,2365,,,1.6,,,
4.4.6,QUKE FOCAL,KSKC,2365,,,2.5,,,
4.4.6,QUKE FOCAL,KSKC,2365,,,0.9,,,
4.4.6,QUKE FOCAL,KSKC,2365,,,1.1,,,
4.4.6,QUKE FOCAL,KSKC,2365,,,2.2,,,
4.4.6,QUKE FOCAL,KSKC,2365,,,1.3,,,
4.4.6,QUKE FOCAL,KSKC,2365,,,0.7,,,
4.4.6,QUKE FOCAL,KSKC,2365,,,0.5,,,
4.4.6,QUKE FOCAL,KSKC,2365,,,1.2,,,
4.4.6,QUKE FOCAL,KSKC,2365,,,1.4,,,
4.4.6,QUKE FOCAL,KSKC,2365,,,1.5,,,
4.4.6,QUKE FOCAL,KSKC,2365,,,0.7,,,
4.4.6,QUKE FOCAL,KSKC,2365,,,1.3,,,
4.4.6,QUKE FOCAL,KSKC,2365,,,1.3,,,
4.4.6,QUKE FOCAL,KSKC,2365,,,2.3,,,
4.4.6,QUKE FOCAL,KSKC,2365,,,0.9,,,
4.4.6,QUKE FOCAL,KSKC,2365,,,2,,,
4.4.6,QUKE FOCAL,KSKC,2365,,,3,,,
4.4.6,QUKE FOCAL,KSKC,2365,,,1.8,,,
4.4.6,QUKE FOCAL,KSKC,2365,,,0.5,,,
4.4.6,QUKE FOCAL,KSKC,2365,,,0.8,,,
4.4.6,QUKE FOCAL,KSKC,2365,,,1.6,,,
4.4.6,QUKE FOCAL,KSKC,2365,,,0.9,,,
4.4.6,QUKE FOCAL,KSKC,2365,,,1.5,,,
4.4.6,QUKE FOCAL,KSKC,2365,,,1.7,,,
4.4.6,QUKE FOCAL,KSKC,2365,,,2.9,,,
4.4.6,QUKE FOCAL,KSKC,2365,,,4.4,,,
4.4.6,QUKE FOCAL,KSKC,2365,,,0.6,,,
4.4.6,QUKE FOCAL,KSKC,2365,,,1.7,,,
4.4.6,QUKE FOCAL,KSKC,2365,,,0.7,,,
4.4.6,QUKE FOCAL,KSKC,2365,,,1.9,,,
4.4.6,QUKE FOCAL,KSKC,2365,,,3.2,,,
4.4.6,QUKE FOCAL,KSKC,2365,,,0.4,,,
4.4.6,QUKE FOCAL,KSKC,2365,,,1.6,,,
4.4.6,QUKE FOCAL,KSKC,2365,,,2.8,,,
