"plot","Species","Importance Value","time"
"1.1.1","ABCO",187.338032098077,"Pre-fire"
"1.1.2","ABCO",110.706287485797,"Pre-fire"
"1.1.3","ABCO",209.854903293608,"Pre-fire"
"1.1.4","ABCO",162.871033559183,"Pre-fire"
"1.2.1","ABCO",152.117975225624,"Pre-fire"
"1.2.2","ABCO",182.28609712278,"Pre-fire"
"1.2.3","ABCO",158.373163089575,"Pre-fire"
"1.2.4","ABCO",112.135977761412,"Pre-fire"
"1.2.5","ABCO",204.001919133846,"Pre-fire"
"1.2.6","ABCO",123.527871893822,"Pre-fire"
"1.3.1","ABCO",186.761762493801,"Pre-fire"
"1.3.2","ABCO",133.687597672475,"Pre-fire"
"1.3.3","ABCO",167.225790223515,"Pre-fire"
"1.3.4","ABCO",127.634917753981,"Pre-fire"
"1.3.5","ABCO",131.193626187318,"Pre-fire"
"1.3.6","ABCO",147.780451316628,"Pre-fire"
"1.4.1","ABCO",242.166461776162,"Pre-fire"
"1.4.2","ABCO",165.02129157161,"Pre-fire"
"1.4.3","ABCO",251.725271859366,"Pre-fire"
"1.4.4","ABCO",200.931496577102,"Pre-fire"
"1.4.5","ABCO",159.213471124258,"Pre-fire"
"1.4.6","ABCO",140.682223624598,"Pre-fire"
"2.1.1","ABCO",121.283238059287,"Pre-fire"
"2.1.2","ABCO",0,"Pre-fire"
"2.1.3","ABCO",186.643846687818,"Pre-fire"
"2.1.4","ABCO",184.167692516676,"Pre-fire"
"2.1.5","ABCO",151.616454773677,"Pre-fire"
"2.1.6","ABCO",200.61948647062,"Pre-fire"
"2.2.1","ABCO",122.955420272858,"Pre-fire"
"2.2.2","ABCO",162.822566781205,"Pre-fire"
"2.2.3","ABCO",178.964362723889,"Pre-fire"
"2.2.4","ABCO",143.261639521663,"Pre-fire"
"2.2.5","ABCO",190.432560407202,"Pre-fire"
"2.2.6","ABCO",170.206033436286,"Pre-fire"
"2.3.1","ABCO",182.976105723671,"Pre-fire"
"2.3.2","ABCO",272.318707650856,"Pre-fire"
"2.3.3","ABCO",149.694864327708,"Pre-fire"
"2.3.4","ABCO",134.420481796755,"Pre-fire"
"2.3.5","ABCO",220.659605768996,"Pre-fire"
"2.3.6","ABCO",229.02483878642,"Pre-fire"
"2.4.1","ABCO",222.610359459651,"Pre-fire"
"2.4.2","ABCO",204.67400313588,"Pre-fire"
"2.4.3","ABCO",198.279995458417,"Pre-fire"
"2.4.4","ABCO",172.086856460069,"Pre-fire"
"2.4.5","ABCO",220.388995971538,"Pre-fire"
"2.4.6","ABCO",206.334531815373,"Pre-fire"
"3.1.1","ABCO",0,"Pre-fire"
"3.1.2","ABCO",134.011076175842,"Pre-fire"
"3.1.3","ABCO",160.904164181789,"Pre-fire"
"3.1.4","ABCO",129.106033397321,"Pre-fire"
"3.1.5","ABCO",239.671924948692,"Pre-fire"
"3.1.6","ABCO",245.769558114819,"Pre-fire"
"3.2.1","ABCO",182.207130283228,"Pre-fire"
"3.2.2","ABCO",172.407821362767,"Pre-fire"
"3.2.3","ABCO",0,"Pre-fire"
"3.2.4","ABCO",180.141232105838,"Pre-fire"
"3.2.5","ABCO",203.708312825578,"Pre-fire"
"3.2.6","ABCO",121.929819562805,"Pre-fire"
"3.3.2","ABCO",153.614261642808,"Pre-fire"
"3.3.3","ABCO",188.321369703203,"Pre-fire"
"3.3.4","ABCO",129.273605555136,"Pre-fire"
"3.3.5","ABCO",124.521561576473,"Pre-fire"
"3.3.6","ABCO",158.17493287619,"Pre-fire"
"3.4.1","ABCO",142.253832298587,"Pre-fire"
"3.4.2","ABCO",0,"Pre-fire"
"3.4.3","ABCO",228.322932674124,"Pre-fire"
"3.4.4","ABCO",125.840071837294,"Pre-fire"
"3.4.5","ABCO",179.203192468416,"Pre-fire"
"3.4.6","ABCO",146.943745768533,"Pre-fire"
"4.1.1","ABCO",0,"Pre-fire"
"4.1.2","ABCO",126.735333487785,"Pre-fire"
"4.1.3","ABCO",137.651129471947,"Pre-fire"
"4.1.4","ABCO",119.964734788027,"Pre-fire"
"4.1.5","ABCO",182.833125577671,"Pre-fire"
"4.1.6","ABCO",174.899769048459,"Pre-fire"
"4.2.1","ABCO",113.362866937721,"Pre-fire"
"4.2.2","ABCO",207.071414819678,"Pre-fire"
"4.2.3","ABCO",132.858302139233,"Pre-fire"
"4.2.4","ABCO",176.551409417564,"Pre-fire"
"4.2.5","ABCO",105.144364474045,"Pre-fire"
"4.2.6","ABCO",142.897132190192,"Pre-fire"
"4.3.1","ABCO",0,"Pre-fire"
"4.3.2","ABCO",162.009870785827,"Pre-fire"
"4.3.3","ABCO",0,"Pre-fire"
"4.3.4","ABCO",0,"Pre-fire"
"4.3.5","ABCO",0,"Pre-fire"
"4.3.6","ABCO",165.318487299531,"Pre-fire"
"4.4.1","ABCO",0,"Pre-fire"
"4.4.2","ABCO",0,"Pre-fire"
"4.4.3","ABCO",0,"Pre-fire"
"4.4.4","ABCO",149.79214520249,"Pre-fire"
"4.4.5","ABCO",217.834499289838,"Pre-fire"
"4.4.6","ABCO",220.755929887189,"Pre-fire"
"1.1.1","CADE",102.415235847543,"Pre-fire"
"1.1.2","CADE",101.50246783719,"Pre-fire"
"1.1.3","CADE",0,"Pre-fire"
"1.1.4","CADE",122.184999688334,"Pre-fire"
"1.2.1","CADE",127.162930490432,"Pre-fire"
"1.2.2","CADE",103.636462193148,"Pre-fire"
"1.2.3","CADE",0,"Pre-fire"
"1.2.4","CADE",0,"Pre-fire"
"1.2.5","CADE",104.563519094817,"Pre-fire"
"1.2.6","CADE",168.151307713009,"Pre-fire"
"1.3.1","CADE",138.294240280276,"Pre-fire"
"1.3.2","CADE",0,"Pre-fire"
"1.3.3","CADE",0,"Pre-fire"
"1.3.4","CADE",142.484683443175,"Pre-fire"
"1.3.5","CADE",0,"Pre-fire"
"1.3.6","CADE",144.984968271129,"Pre-fire"
"1.4.1","CADE",108.584318007408,"Pre-fire"
"1.4.2","CADE",0,"Pre-fire"
"1.4.3","CADE",0,"Pre-fire"
"1.4.4","CADE",101.245183583499,"Pre-fire"
"1.4.5","CADE",124.660784400763,"Pre-fire"
"1.4.6","CADE",146.887151545644,"Pre-fire"
"2.1.1","CADE",110.646552245411,"Pre-fire"
"2.1.2","CADE",202.113502187146,"Pre-fire"
"2.1.3","CADE",119.350447232372,"Pre-fire"
"2.1.4","CADE",104.971038515678,"Pre-fire"
"2.1.5","CADE",128.924493064923,"Pre-fire"
"2.1.6","CADE",0,"Pre-fire"
"2.2.1","CADE",0,"Pre-fire"
"2.2.2","CADE",0,"Pre-fire"
"2.2.3","CADE",140.67832662209,"Pre-fire"
"2.2.4","CADE",0,"Pre-fire"
"2.2.5","CADE",147.416591271446,"Pre-fire"
"2.2.6","CADE",0,"Pre-fire"
"2.3.1","CADE",0,"Pre-fire"
"2.3.2","CADE",0,"Pre-fire"
"2.3.3","CADE",136.362304846439,"Pre-fire"
"2.3.4","CADE",0,"Pre-fire"
"2.3.5","CADE",0,"Pre-fire"
"2.3.6","CADE",0,"Pre-fire"
"2.4.1","CADE",0,"Pre-fire"
"2.4.2","CADE",0,"Pre-fire"
"2.4.3","CADE",143.620053353311,"Pre-fire"
"2.4.4","CADE",0,"Pre-fire"
"2.4.5","CADE",0,"Pre-fire"
"2.4.6","CADE",141.115586790616,"Pre-fire"
"3.1.1","CADE",143.62546458339,"Pre-fire"
"3.1.2","CADE",0,"Pre-fire"
"3.1.3","CADE",0,"Pre-fire"
"3.1.4","CADE",0,"Pre-fire"
"3.1.5","CADE",0,"Pre-fire"
"3.1.6","CADE",105.706035429377,"Pre-fire"
"3.2.1","CADE",137.42516365293,"Pre-fire"
"3.2.2","CADE",135.466974946211,"Pre-fire"
"3.2.3","CADE",0,"Pre-fire"
"3.2.4","CADE",106.896759126406,"Pre-fire"
"3.2.5","CADE",0,"Pre-fire"
"3.2.6","CADE",0,"Pre-fire"
"3.3.2","CADE",0,"Pre-fire"
"3.3.3","CADE",140.981491870455,"Pre-fire"
"3.3.4","CADE",122.426900143407,"Pre-fire"
"3.3.5","CADE",0,"Pre-fire"
"3.3.6","CADE",116.254798278568,"Pre-fire"
"3.4.1","CADE",0,"Pre-fire"
"3.4.2","CADE",0,"Pre-fire"
"3.4.3","CADE",113.422019259406,"Pre-fire"
"3.4.4","CADE",0,"Pre-fire"
"3.4.5","CADE",0,"Pre-fire"
"3.4.6","CADE",111.599816971208,"Pre-fire"
"4.1.1","CADE",0,"Pre-fire"
"4.1.2","CADE",0,"Pre-fire"
"4.1.3","CADE",0,"Pre-fire"
"4.1.4","CADE",0,"Pre-fire"
"4.1.5","CADE",0,"Pre-fire"
"4.1.6","CADE",0,"Pre-fire"
"4.2.1","CADE",0,"Pre-fire"
"4.2.2","CADE",0,"Pre-fire"
"4.2.3","CADE",0,"Pre-fire"
"4.2.4","CADE",0,"Pre-fire"
"4.2.5","CADE",0,"Pre-fire"
"4.2.6","CADE",105.979484759982,"Pre-fire"
"4.3.1","CADE",0,"Pre-fire"
"4.3.2","CADE",0,"Pre-fire"
"4.3.3","CADE",0,"Pre-fire"
"4.3.4","CADE",113.125760233815,"Pre-fire"
"4.3.5","CADE",113.663488307969,"Pre-fire"
"4.3.6","CADE",0,"Pre-fire"
"4.4.1","CADE",0,"Pre-fire"
"4.4.2","CADE",0,"Pre-fire"
"4.4.3","CADE",0,"Pre-fire"
"4.4.4","CADE",0,"Pre-fire"
"4.4.5","CADE",0,"Pre-fire"
"4.4.6","CADE",0,"Pre-fire"
"1.1.1","PILA",0,"Pre-fire"
"1.1.2","PILA",0,"Pre-fire"
"1.1.3","PILA",0,"Pre-fire"
"1.1.4","PILA",0,"Pre-fire"
"1.2.1","PILA",104.339857371911,"Pre-fire"
"1.2.2","PILA",0,"Pre-fire"
"1.2.3","PILA",0,"Pre-fire"
"1.2.4","PILA",0,"Pre-fire"
"1.2.5","PILA",105.561585447107,"Pre-fire"
"1.2.6","PILA",0,"Pre-fire"
"1.3.1","PILA",0,"Pre-fire"
"1.3.2","PILA",0,"Pre-fire"
"1.3.3","PILA",111.147090792285,"Pre-fire"
"1.3.4","PILA",106.040521308662,"Pre-fire"
"1.3.5","PILA",107.962565822631,"Pre-fire"
"1.3.6","PILA",0,"Pre-fire"
"1.4.1","PILA",123.766941355807,"Pre-fire"
"1.4.2","PILA",0,"Pre-fire"
"1.4.3","PILA",108.250206078289,"Pre-fire"
"1.4.4","PILA",103.650052320306,"Pre-fire"
"1.4.5","PILA",117.905020618645,"Pre-fire"
"1.4.6","PILA",107.470517974487,"Pre-fire"
"2.1.1","PILA",151.886018460731,"Pre-fire"
"2.1.2","PILA",0,"Pre-fire"
"2.1.3","PILA",149.653294446425,"Pre-fire"
"2.1.4","PILA",0,"Pre-fire"
"2.1.5","PILA",142.218482409221,"Pre-fire"
"2.1.6","PILA",0,"Pre-fire"
"2.2.1","PILA",0,"Pre-fire"
"2.2.2","PILA",101.445675081495,"Pre-fire"
"2.2.3","PILA",138.436346712464,"Pre-fire"
"2.2.4","PILA",0,"Pre-fire"
"2.2.5","PILA",0,"Pre-fire"
"2.2.6","PILA",122.414109548795,"Pre-fire"
"2.3.1","PILA",0,"Pre-fire"
"2.3.2","PILA",0,"Pre-fire"
"2.3.3","PILA",0,"Pre-fire"
"2.3.4","PILA",166.123147924196,"Pre-fire"
"2.3.5","PILA",0,"Pre-fire"
"2.3.6","PILA",0,"Pre-fire"
"2.4.1","PILA",0,"Pre-fire"
"2.4.2","PILA",0,"Pre-fire"
"2.4.3","PILA",0,"Pre-fire"
"2.4.4","PILA",128.376687455154,"Pre-fire"
"2.4.5","PILA",118.360289502647,"Pre-fire"
"2.4.6","PILA",112.419860586496,"Pre-fire"
"3.1.1","PILA",0,"Pre-fire"
"3.1.2","PILA",0,"Pre-fire"
"3.1.3","PILA",106.634309470762,"Pre-fire"
"3.1.4","PILA",0,"Pre-fire"
"3.1.5","PILA",0,"Pre-fire"
"3.1.6","PILA",0,"Pre-fire"
"3.2.1","PILA",109.916792413918,"Pre-fire"
"3.2.2","PILA",142.670191850317,"Pre-fire"
"3.2.3","PILA",0,"Pre-fire"
"3.2.4","PILA",0,"Pre-fire"
"3.2.5","PILA",0,"Pre-fire"
"3.2.6","PILA",114.792599746299,"Pre-fire"
"3.3.2","PILA",172.926666949861,"Pre-fire"
"3.3.3","PILA",0,"Pre-fire"
"3.3.4","PILA",0,"Pre-fire"
"3.3.5","PILA",0,"Pre-fire"
"3.3.6","PILA",126.954786279985,"Pre-fire"
"3.4.1","PILA",208.587083102243,"Pre-fire"
"3.4.2","PILA",193.596786769387,"Pre-fire"
"3.4.3","PILA",0,"Pre-fire"
"3.4.4","PILA",203.269009151654,"Pre-fire"
"3.4.5","PILA",145.652021008299,"Pre-fire"
"3.4.6","PILA",163.506730399019,"Pre-fire"
"4.1.1","PILA",224.486328278463,"Pre-fire"
"4.1.2","PILA",110.15007593894,"Pre-fire"
"4.1.3","PILA",0,"Pre-fire"
"4.1.4","PILA",118.007771921495,"Pre-fire"
"4.1.5","PILA",0,"Pre-fire"
"4.1.6","PILA",0,"Pre-fire"
"4.2.1","PILA",115.113336327287,"Pre-fire"
"4.2.2","PILA",0,"Pre-fire"
"4.2.3","PILA",112.530533975063,"Pre-fire"
"4.2.4","PILA",0,"Pre-fire"
"4.2.5","PILA",138.893066447046,"Pre-fire"
"4.2.6","PILA",150.781536183995,"Pre-fire"
"4.3.1","PILA",220,"Pre-fire"
"4.3.2","PILA",197.441758218948,"Pre-fire"
"4.3.3","PILA",0,"Pre-fire"
"4.3.4","PILA",0,"Pre-fire"
"4.3.5","PILA",241.833189536321,"Pre-fire"
"4.3.6","PILA",0,"Pre-fire"
"4.4.1","PILA",222.31589416079,"Pre-fire"
"4.4.2","PILA",277.777753274086,"Pre-fire"
"4.4.3","PILA",195.790024516902,"Pre-fire"
"4.4.4","PILA",213.170817760473,"Pre-fire"
"4.4.5","PILA",0,"Pre-fire"
"4.4.6","PILA",0,"Pre-fire"
"1.1.1","PIPO",107.469442394049,"Pre-fire"
"1.1.2","PIPO",133.024787203622,"Pre-fire"
"1.1.3","PIPO",0,"Pre-fire"
"1.1.4","PIPO",119.443511079696,"Pre-fire"
"1.2.1","PIPO",106.060089406077,"Pre-fire"
"1.2.2","PIPO",0,"Pre-fire"
"1.2.3","PIPO",113.205165814015,"Pre-fire"
"1.2.4","PIPO",171.038365534359,"Pre-fire"
"1.2.5","PIPO",130.489123975363,"Pre-fire"
"1.2.6","PIPO",108.007155097925,"Pre-fire"
"1.3.1","PIPO",150.447228213897,"Pre-fire"
"1.3.2","PIPO",137.061936577936,"Pre-fire"
"1.3.3","PIPO",115.54192868419,"Pre-fire"
"1.3.4","PIPO",137.583704073221,"Pre-fire"
"1.3.5","PIPO",133.786760744513,"Pre-fire"
"1.3.6","PIPO",105.738607635194,"Pre-fire"
"1.4.1","PIPO",0,"Pre-fire"
"1.4.2","PIPO",161.285062234465,"Pre-fire"
"1.4.3","PIPO",107.704947792198,"Pre-fire"
"1.4.4","PIPO",106.192602057713,"Pre-fire"
"1.4.5","PIPO",161.37716045148,"Pre-fire"
"1.4.6","PIPO",106.281914503897,"Pre-fire"
"2.1.1","PIPO",0,"Pre-fire"
"2.1.2","PIPO",107.066776788719,"Pre-fire"
"2.1.3","PIPO",0,"Pre-fire"
"2.1.4","PIPO",0,"Pre-fire"
"2.1.5","PIPO",0,"Pre-fire"
"2.1.6","PIPO",0,"Pre-fire"
"2.2.1","PIPO",0,"Pre-fire"
"2.2.2","PIPO",0,"Pre-fire"
"2.2.3","PIPO",0,"Pre-fire"
"2.2.4","PIPO",0,"Pre-fire"
"2.2.5","PIPO",0,"Pre-fire"
"2.2.6","PIPO",180.902165314972,"Pre-fire"
"2.3.1","PIPO",114.724601146192,"Pre-fire"
"2.3.2","PIPO",0,"Pre-fire"
"2.3.3","PIPO",130.714295826144,"Pre-fire"
"2.3.4","PIPO",0,"Pre-fire"
"2.3.5","PIPO",0,"Pre-fire"
"2.3.6","PIPO",118.415170219838,"Pre-fire"
"2.4.1","PIPO",0,"Pre-fire"
"2.4.2","PIPO",0,"Pre-fire"
"2.4.3","PIPO",0,"Pre-fire"
"2.4.4","PIPO",0,"Pre-fire"
"2.4.5","PIPO",105.041931620866,"Pre-fire"
"2.4.6","PIPO",122.346322847229,"Pre-fire"
"3.1.1","PIPO",138.534408390042,"Pre-fire"
"3.1.2","PIPO",0,"Pre-fire"
"3.1.3","PIPO",106.428561593557,"Pre-fire"
"3.1.4","PIPO",0,"Pre-fire"
"3.1.5","PIPO",0,"Pre-fire"
"3.1.6","PIPO",0,"Pre-fire"
"3.2.1","PIPO",105.61063024273,"Pre-fire"
"3.2.2","PIPO",122.81394715125,"Pre-fire"
"3.2.3","PIPO",136.939557892417,"Pre-fire"
"3.2.4","PIPO",178.576102385177,"Pre-fire"
"3.2.5","PIPO",115.147998039751,"Pre-fire"
"3.2.6","PIPO",0,"Pre-fire"
"3.3.2","PIPO",0,"Pre-fire"
"3.3.3","PIPO",0,"Pre-fire"
"3.3.4","PIPO",112.507811910333,"Pre-fire"
"3.3.5","PIPO",121.689195303478,"Pre-fire"
"3.3.6","PIPO",0,"Pre-fire"
"3.4.1","PIPO",111.979559511334,"Pre-fire"
"3.4.2","PIPO",0,"Pre-fire"
"3.4.3","PIPO",133.751301449829,"Pre-fire"
"3.4.4","PIPO",104.888408055414,"Pre-fire"
"3.4.5","PIPO",0,"Pre-fire"
"3.4.6","PIPO",0,"Pre-fire"
"4.1.1","PIPO",0,"Pre-fire"
"4.1.2","PIPO",0,"Pre-fire"
"4.1.3","PIPO",184.016402190366,"Pre-fire"
"4.1.4","PIPO",152.704737993122,"Pre-fire"
"4.1.5","PIPO",155.634397692258,"Pre-fire"
"4.1.6","PIPO",0,"Pre-fire"
"4.2.1","PIPO",180.486948244201,"Pre-fire"
"4.2.2","PIPO",0,"Pre-fire"
"4.2.3","PIPO",145.471074885709,"Pre-fire"
"4.2.4","PIPO",0,"Pre-fire"
"4.2.5","PIPO",0,"Pre-fire"
"4.2.6","PIPO",129.767459997939,"Pre-fire"
"4.3.1","PIPO",0,"Pre-fire"
"4.3.2","PIPO",125.548370995226,"Pre-fire"
"4.3.3","PIPO",0,"Pre-fire"
"4.3.4","PIPO",0,"Pre-fire"
"4.3.5","PIPO",136.169988822377,"Pre-fire"
"4.3.6","PIPO",0,"Pre-fire"
"4.4.1","PIPO",0,"Pre-fire"
"4.4.2","PIPO",0,"Pre-fire"
"4.4.3","PIPO",0,"Pre-fire"
"4.4.4","PIPO",0,"Pre-fire"
"4.4.5","PIPO",144.808706712445,"Pre-fire"
"4.4.6","PIPO",129.231597556309,"Pre-fire"
"1.1.1","PSME",192.570855479657,"Pre-fire"
"1.1.2","PSME",196.174841685142,"Pre-fire"
"1.1.3","PSME",0,"Pre-fire"
"1.1.4","PSME",0,"Pre-fire"
"1.2.1","PSME",179.481765607273,"Pre-fire"
"1.2.2","PSME",152.839938038727,"Pre-fire"
"1.2.3","PSME",121.604961687099,"Pre-fire"
"1.2.4","PSME",0,"Pre-fire"
"1.2.5","PSME",140.117092567873,"Pre-fire"
"1.2.6","PSME",149.892795052851,"Pre-fire"
"1.3.1","PSME",0,"Pre-fire"
"1.3.2","PSME",170.469621962718,"Pre-fire"
"1.3.3","PSME",130.2453663165,"Pre-fire"
"1.3.4","PSME",117.804264089731,"Pre-fire"
"1.3.5","PSME",161.855399724641,"Pre-fire"
"1.3.6","PSME",0,"Pre-fire"
"1.4.1","PSME",0,"Pre-fire"
"1.4.2","PSME",153.995129935778,"Pre-fire"
"1.4.3","PSME",0,"Pre-fire"
"1.4.4","PSME",165.298815971092,"Pre-fire"
"1.4.5","PSME",0,"Pre-fire"
"1.4.6","PSME",169.89538506509,"Pre-fire"
"2.1.1","PSME",149.527305393436,"Pre-fire"
"2.1.2","PSME",125.818191551191,"Pre-fire"
"2.1.3","PSME",0,"Pre-fire"
"2.1.4","PSME",109.243839574973,"Pre-fire"
"2.1.5","PSME",148.75897592951,"Pre-fire"
"2.1.6","PSME",165.115083039042,"Pre-fire"
"2.2.1","PSME",185.738033706133,"Pre-fire"
"2.2.2","PSME",0,"Pre-fire"
"2.2.3","PSME",0,"Pre-fire"
"2.2.4","PSME",127.015685184895,"Pre-fire"
"2.2.5","PSME",150.356776423831,"Pre-fire"
"2.2.6","PSME",0,"Pre-fire"
"2.3.1","PSME",173.981958278254,"Pre-fire"
"2.3.2","PSME",0,"Pre-fire"
"2.3.3","PSME",110.742720132696,"Pre-fire"
"2.3.4","PSME",146.264106915363,"Pre-fire"
"2.3.5","PSME",0,"Pre-fire"
"2.3.6","PSME",0,"Pre-fire"
"2.4.1","PSME",0,"Pre-fire"
"2.4.2","PSME",0,"Pre-fire"
"2.4.3","PSME",0,"Pre-fire"
"2.4.4","PSME",0,"Pre-fire"
"2.4.5","PSME",0,"Pre-fire"
"2.4.6","PSME",0,"Pre-fire"
"3.1.1","PSME",192.296717131665,"Pre-fire"
"3.1.2","PSME",123.540166866444,"Pre-fire"
"3.1.3","PSME",0,"Pre-fire"
"3.1.4","PSME",124.287365574752,"Pre-fire"
"3.1.5","PSME",0,"Pre-fire"
"3.1.6","PSME",0,"Pre-fire"
"3.2.1","PSME",0,"Pre-fire"
"3.2.2","PSME",0,"Pre-fire"
"3.2.3","PSME",0,"Pre-fire"
"3.2.4","PSME",0,"Pre-fire"
"3.2.5","PSME",0,"Pre-fire"
"3.2.6","PSME",185.826028408326,"Pre-fire"
"3.3.2","PSME",141.06830163922,"Pre-fire"
"3.3.3","PSME",157.202112034397,"Pre-fire"
"3.3.4","PSME",0,"Pre-fire"
"3.3.5","PSME",208.309112654604,"Pre-fire"
"3.3.6","PSME",162.756862311999,"Pre-fire"
"3.4.1","PSME",0,"Pre-fire"
"3.4.2","PSME",128.622216499639,"Pre-fire"
"3.4.3","PSME",0,"Pre-fire"
"3.4.4","PSME",115.61704254775,"Pre-fire"
"3.4.5","PSME",0,"Pre-fire"
"3.4.6","PSME",155.727484639018,"Pre-fire"
"4.1.1","PSME",0,"Pre-fire"
"4.1.2","PSME",153.657216129946,"Pre-fire"
"4.1.3","PSME",0,"Pre-fire"
"4.1.4","PSME",0,"Pre-fire"
"4.1.5","PSME",0,"Pre-fire"
"4.1.6","PSME",0,"Pre-fire"
"4.2.1","PSME",122.394632101944,"Pre-fire"
"4.2.2","PSME",0,"Pre-fire"
"4.2.3","PSME",0,"Pre-fire"
"4.2.4","PSME",0,"Pre-fire"
"4.2.5","PSME",0,"Pre-fire"
"4.2.6","PSME",0,"Pre-fire"
"4.3.1","PSME",0,"Pre-fire"
"4.3.2","PSME",0,"Pre-fire"
"4.3.3","PSME",0,"Pre-fire"
"4.3.4","PSME",186.159403543816,"Pre-fire"
"4.3.5","PSME",0,"Pre-fire"
"4.3.6","PSME",0,"Pre-fire"
"4.4.1","PSME",123.45923681859,"Pre-fire"
"4.4.2","PSME",0,"Pre-fire"
"4.4.3","PSME",0,"Pre-fire"
"4.4.4","PSME",0,"Pre-fire"
"4.4.5","PSME",122.896281442378,"Pre-fire"
"4.4.6","PSME",0,"Pre-fire"
"1.1.1","QUKE",110.206434180675,"Pre-fire"
"1.1.2","QUKE",158.591615788249,"Pre-fire"
"1.1.3","QUKE",190.145096706392,"Pre-fire"
"1.1.4","QUKE",195.500455672786,"Pre-fire"
"1.2.1","QUKE",130.837381898683,"Pre-fire"
"1.2.2","QUKE",161.237502645345,"Pre-fire"
"1.2.3","QUKE",206.81670940931,"Pre-fire"
"1.2.4","QUKE",216.825656704229,"Pre-fire"
"1.2.5","QUKE",115.266759780994,"Pre-fire"
"1.2.6","QUKE",150.420870242393,"Pre-fire"
"1.3.1","QUKE",124.496769012027,"Pre-fire"
"1.3.2","QUKE",158.780843786871,"Pre-fire"
"1.3.3","QUKE",175.839823983509,"Pre-fire"
"1.3.4","QUKE",168.451909331231,"Pre-fire"
"1.3.5","QUKE",165.201647520898,"Pre-fire"
"1.3.6","QUKE",201.49597277705,"Pre-fire"
"1.4.1","QUKE",125.482278860623,"Pre-fire"
"1.4.2","QUKE",119.698516258147,"Pre-fire"
"1.4.3","QUKE",132.319574270147,"Pre-fire"
"1.4.4","QUKE",122.681849490288,"Pre-fire"
"1.4.5","QUKE",136.843563404854,"Pre-fire"
"1.4.6","QUKE",128.782807286283,"Pre-fire"
"2.1.1","QUKE",166.656885841134,"Pre-fire"
"2.1.2","QUKE",165.001529472944,"Pre-fire"
"2.1.3","QUKE",144.352411633385,"Pre-fire"
"2.1.4","QUKE",201.617429392673,"Pre-fire"
"2.1.5","QUKE",128.481593822668,"Pre-fire"
"2.1.6","QUKE",134.265430490337,"Pre-fire"
"2.2.1","QUKE",191.306546021009,"Pre-fire"
"2.2.2","QUKE",235.7317581373,"Pre-fire"
"2.2.3","QUKE",141.920963941557,"Pre-fire"
"2.2.4","QUKE",229.722675293442,"Pre-fire"
"2.2.5","QUKE",111.794071897521,"Pre-fire"
"2.2.6","QUKE",126.477691699946,"Pre-fire"
"2.3.1","QUKE",128.317334851883,"Pre-fire"
"2.3.2","QUKE",127.681292349144,"Pre-fire"
"2.3.3","QUKE",172.485814867013,"Pre-fire"
"2.3.4","QUKE",153.192263363686,"Pre-fire"
"2.3.5","QUKE",179.340394231004,"Pre-fire"
"2.3.6","QUKE",152.559990993742,"Pre-fire"
"2.4.1","QUKE",177.389640540349,"Pre-fire"
"2.4.2","QUKE",195.32599686412,"Pre-fire"
"2.4.3","QUKE",158.099951188272,"Pre-fire"
"2.4.4","QUKE",199.536456084778,"Pre-fire"
"2.4.5","QUKE",156.208782904949,"Pre-fire"
"2.4.6","QUKE",117.783697960287,"Pre-fire"
"3.1.1","QUKE",125.543409894903,"Pre-fire"
"3.1.2","QUKE",242.448756957714,"Pre-fire"
"3.1.3","QUKE",226.032964753892,"Pre-fire"
"3.1.4","QUKE",246.606601027927,"Pre-fire"
"3.1.5","QUKE",160.328075051308,"Pre-fire"
"3.1.6","QUKE",148.524406455804,"Pre-fire"
"3.2.1","QUKE",164.840283407194,"Pre-fire"
"3.2.2","QUKE",126.641064689454,"Pre-fire"
"3.2.3","QUKE",263.060442107583,"Pre-fire"
"3.2.4","QUKE",134.385906382579,"Pre-fire"
"3.2.5","QUKE",181.143689134671,"Pre-fire"
"3.2.6","QUKE",177.45155228257,"Pre-fire"
"3.3.2","QUKE",132.390769768111,"Pre-fire"
"3.3.3","QUKE",113.495026391945,"Pre-fire"
"3.3.4","QUKE",235.791682391124,"Pre-fire"
"3.3.5","QUKE",145.480130465445,"Pre-fire"
"3.3.6","QUKE",135.858620253259,"Pre-fire"
"3.4.1","QUKE",137.179525087837,"Pre-fire"
"3.4.2","QUKE",177.780996730974,"Pre-fire"
"3.4.3","QUKE",124.503746616641,"Pre-fire"
"3.4.4","QUKE",150.385468407888,"Pre-fire"
"3.4.5","QUKE",175.144786523285,"Pre-fire"
"3.4.6","QUKE",122.222222222222,"Pre-fire"
"4.1.1","QUKE",175.513671721537,"Pre-fire"
"4.1.2","QUKE",209.457374443329,"Pre-fire"
"4.1.3","QUKE",178.332468337687,"Pre-fire"
"4.1.4","QUKE",209.322755297356,"Pre-fire"
"4.1.5","QUKE",161.532476730072,"Pre-fire"
"4.1.6","QUKE",225.100230951541,"Pre-fire"
"4.2.1","QUKE",168.642216388847,"Pre-fire"
"4.2.2","QUKE",192.928585180322,"Pre-fire"
"4.2.3","QUKE",209.140088999995,"Pre-fire"
"4.2.4","QUKE",223.448590582436,"Pre-fire"
"4.2.5","QUKE",255.962569078908,"Pre-fire"
"4.2.6","QUKE",170.574386867892,"Pre-fire"
"4.3.1","QUKE",180,"Pre-fire"
"4.3.2","QUKE",115,"Pre-fire"
"4.3.3","QUKE",300,"Pre-fire"
"4.3.4","QUKE",200.714836222369,"Pre-fire"
"4.3.5","QUKE",108.333333333333,"Pre-fire"
"4.3.6","QUKE",234.681512700469,"Pre-fire"
"4.4.1","QUKE",154.22486902062,"Pre-fire"
"4.4.2","QUKE",122.222246725914,"Pre-fire"
"4.4.3","QUKE",204.209975483098,"Pre-fire"
"4.4.4","QUKE",137.037037037037,"Pre-fire"
"4.4.5","QUKE",114.460512555339,"Pre-fire"
"4.4.6","QUKE",150.012472556502,"Pre-fire"
"1.1.1","ABCO",187.338032098077,"Post-Storrie Fire"
"1.1.2","ABCO",110.706287485797,"Post-Storrie Fire"
"1.1.3","ABCO",209.854903293608,"Post-Storrie Fire"
"1.1.4","ABCO",162.871033559183,"Post-Storrie Fire"
"1.2.1","ABCO",152.117975225624,"Post-Storrie Fire"
"1.2.2","ABCO",182.28609712278,"Post-Storrie Fire"
"1.2.3","ABCO",158.373163089575,"Post-Storrie Fire"
"1.2.4","ABCO",112.135977761412,"Post-Storrie Fire"
"1.2.5","ABCO",204.001919133846,"Post-Storrie Fire"
"1.2.6","ABCO",123.527871893822,"Post-Storrie Fire"
"1.3.1","ABCO",186.761762493801,"Post-Storrie Fire"
"1.3.2","ABCO",133.687597672475,"Post-Storrie Fire"
"1.3.3","ABCO",167.225790223515,"Post-Storrie Fire"
"1.3.4","ABCO",127.634917753981,"Post-Storrie Fire"
"1.3.5","ABCO",131.193626187318,"Post-Storrie Fire"
"1.3.6","ABCO",147.780451316628,"Post-Storrie Fire"
"1.4.1","ABCO",242.166461776162,"Post-Storrie Fire"
"1.4.2","ABCO",165.02129157161,"Post-Storrie Fire"
"1.4.3","ABCO",251.725271859366,"Post-Storrie Fire"
"1.4.4","ABCO",200.931496577102,"Post-Storrie Fire"
"1.4.5","ABCO",159.213471124258,"Post-Storrie Fire"
"1.4.6","ABCO",140.682223624598,"Post-Storrie Fire"
"2.1.1","ABCO",119.101926389686,"Post-Storrie Fire"
"2.1.2","ABCO",0,"Post-Storrie Fire"
"2.1.3","ABCO",182.781591490791,"Post-Storrie Fire"
"2.1.4","ABCO",184.167692516676,"Post-Storrie Fire"
"2.1.5","ABCO",149.59059058664,"Post-Storrie Fire"
"2.1.6","ABCO",178.096865305995,"Post-Storrie Fire"
"2.2.1","ABCO",122.955420272858,"Post-Storrie Fire"
"2.2.2","ABCO",164.116579566153,"Post-Storrie Fire"
"2.2.3","ABCO",178.964362723889,"Post-Storrie Fire"
"2.2.4","ABCO",143.261639521663,"Post-Storrie Fire"
"2.2.5","ABCO",190.432560407202,"Post-Storrie Fire"
"2.2.6","ABCO",170.458667214187,"Post-Storrie Fire"
"2.3.1","ABCO",185.904216541223,"Post-Storrie Fire"
"2.3.2","ABCO",268.584950388957,"Post-Storrie Fire"
"2.3.3","ABCO",150.811175537479,"Post-Storrie Fire"
"2.3.4","ABCO",134.731124932861,"Post-Storrie Fire"
"2.3.5","ABCO",230.491982935061,"Post-Storrie Fire"
"2.3.6","ABCO",229.02483878642,"Post-Storrie Fire"
"2.4.1","ABCO",228.268509980604,"Post-Storrie Fire"
"2.4.2","ABCO",204.67400313588,"Post-Storrie Fire"
"2.4.3","ABCO",198.279995458417,"Post-Storrie Fire"
"2.4.4","ABCO",172.086856460069,"Post-Storrie Fire"
"2.4.5","ABCO",220.388995971538,"Post-Storrie Fire"
"2.4.6","ABCO",203.731453248556,"Post-Storrie Fire"
"3.1.1","ABCO",0,"Post-Storrie Fire"
"3.1.2","ABCO",143.026888318643,"Post-Storrie Fire"
"3.1.3","ABCO",0,"Post-Storrie Fire"
"3.1.4","ABCO",0,"Post-Storrie Fire"
"3.1.5","ABCO",146.895919898791,"Post-Storrie Fire"
"3.1.6","ABCO",201.386904410029,"Post-Storrie Fire"
"3.2.1","ABCO",187.845726950749,"Post-Storrie Fire"
"3.2.2","ABCO",168.935110750196,"Post-Storrie Fire"
"3.2.3","ABCO",0,"Post-Storrie Fire"
"3.2.4","ABCO",238.271007539287,"Post-Storrie Fire"
"3.2.5","ABCO",141.559572809461,"Post-Storrie Fire"
"3.2.6","ABCO",133.610255470004,"Post-Storrie Fire"
"3.3.2","ABCO",213.285210676515,"Post-Storrie Fire"
"3.3.3","ABCO",174.553529149276,"Post-Storrie Fire"
"3.3.4","ABCO",146.913448538408,"Post-Storrie Fire"
"3.3.5","ABCO",126.517117923473,"Post-Storrie Fire"
"3.3.6","ABCO",148.078140271081,"Post-Storrie Fire"
"3.4.1","ABCO",217.127573489,"Post-Storrie Fire"
"3.4.2","ABCO",0,"Post-Storrie Fire"
"3.4.3","ABCO",180.367655144839,"Post-Storrie Fire"
"3.4.4","ABCO",124.477119187117,"Post-Storrie Fire"
"3.4.5","ABCO",119.994465773571,"Post-Storrie Fire"
"3.4.6","ABCO",159.52840734245,"Post-Storrie Fire"
"4.1.1","ABCO",0,"Post-Storrie Fire"
"4.1.2","ABCO",0,"Post-Storrie Fire"
"4.1.3","ABCO",0,"Post-Storrie Fire"
"4.1.4","ABCO",0,"Post-Storrie Fire"
"4.1.5","ABCO",0,"Post-Storrie Fire"
"4.1.6","ABCO",0,"Post-Storrie Fire"
"4.2.1","ABCO",115.058933461898,"Post-Storrie Fire"
"4.2.2","ABCO",0,"Post-Storrie Fire"
"4.2.3","ABCO",0,"Post-Storrie Fire"
"4.2.4","ABCO",0,"Post-Storrie Fire"
"4.2.5","ABCO",0,"Post-Storrie Fire"
"4.2.6","ABCO",0,"Post-Storrie Fire"
"4.3.1","ABCO",0,"Post-Storrie Fire"
"4.3.2","ABCO",241.280386934218,"Post-Storrie Fire"
"4.3.3","ABCO",0,"Post-Storrie Fire"
"4.3.4","ABCO",0,"Post-Storrie Fire"
"4.3.5","ABCO",0,"Post-Storrie Fire"
"4.3.6","ABCO",125.859559458979,"Post-Storrie Fire"
"4.4.1","ABCO",0,"Post-Storrie Fire"
"4.4.2","ABCO",0,"Post-Storrie Fire"
"4.4.3","ABCO",0,"Post-Storrie Fire"
"4.4.4","ABCO",256.521739130435,"Post-Storrie Fire"
"4.4.5","ABCO",0,"Post-Storrie Fire"
"4.4.6","ABCO",143.278070752868,"Post-Storrie Fire"
"1.1.1","CADE",102.415235847543,"Post-Storrie Fire"
"1.1.2","CADE",101.50246783719,"Post-Storrie Fire"
"1.1.3","CADE",0,"Post-Storrie Fire"
"1.1.4","CADE",122.184999688334,"Post-Storrie Fire"
"1.2.1","CADE",127.162930490432,"Post-Storrie Fire"
"1.2.2","CADE",103.636462193148,"Post-Storrie Fire"
"1.2.3","CADE",0,"Post-Storrie Fire"
"1.2.4","CADE",0,"Post-Storrie Fire"
"1.2.5","CADE",104.563519094817,"Post-Storrie Fire"
"1.2.6","CADE",168.151307713009,"Post-Storrie Fire"
"1.3.1","CADE",138.294240280276,"Post-Storrie Fire"
"1.3.2","CADE",0,"Post-Storrie Fire"
"1.3.3","CADE",0,"Post-Storrie Fire"
"1.3.4","CADE",142.484683443175,"Post-Storrie Fire"
"1.3.5","CADE",0,"Post-Storrie Fire"
"1.3.6","CADE",144.984968271129,"Post-Storrie Fire"
"1.4.1","CADE",108.584318007408,"Post-Storrie Fire"
"1.4.2","CADE",0,"Post-Storrie Fire"
"1.4.3","CADE",0,"Post-Storrie Fire"
"1.4.4","CADE",101.245183583499,"Post-Storrie Fire"
"1.4.5","CADE",124.660784400763,"Post-Storrie Fire"
"1.4.6","CADE",146.887151545644,"Post-Storrie Fire"
"2.1.1","CADE",112.758681899549,"Post-Storrie Fire"
"2.1.2","CADE",202.083583704625,"Post-Storrie Fire"
"2.1.3","CADE",120.455588325708,"Post-Storrie Fire"
"2.1.4","CADE",104.971038515678,"Post-Storrie Fire"
"2.1.5","CADE",121.592675962812,"Post-Storrie Fire"
"2.1.6","CADE",0,"Post-Storrie Fire"
"2.2.1","CADE",0,"Post-Storrie Fire"
"2.2.2","CADE",0,"Post-Storrie Fire"
"2.2.3","CADE",140.67832662209,"Post-Storrie Fire"
"2.2.4","CADE",0,"Post-Storrie Fire"
"2.2.5","CADE",147.416591271446,"Post-Storrie Fire"
"2.2.6","CADE",0,"Post-Storrie Fire"
"2.3.1","CADE",0,"Post-Storrie Fire"
"2.3.2","CADE",0,"Post-Storrie Fire"
"2.3.3","CADE",136.856083705544,"Post-Storrie Fire"
"2.3.4","CADE",0,"Post-Storrie Fire"
"2.3.5","CADE",0,"Post-Storrie Fire"
"2.3.6","CADE",0,"Post-Storrie Fire"
"2.4.1","CADE",0,"Post-Storrie Fire"
"2.4.2","CADE",0,"Post-Storrie Fire"
"2.4.3","CADE",143.620053353311,"Post-Storrie Fire"
"2.4.4","CADE",0,"Post-Storrie Fire"
"2.4.5","CADE",0,"Post-Storrie Fire"
"2.4.6","CADE",142.130934871955,"Post-Storrie Fire"
"3.1.1","CADE",151.596442322797,"Post-Storrie Fire"
"3.1.2","CADE",0,"Post-Storrie Fire"
"3.1.3","CADE",0,"Post-Storrie Fire"
"3.1.4","CADE",0,"Post-Storrie Fire"
"3.1.5","CADE",0,"Post-Storrie Fire"
"3.1.6","CADE",0,"Post-Storrie Fire"
"3.2.1","CADE",134.577900744944,"Post-Storrie Fire"
"3.2.2","CADE",136.555573011883,"Post-Storrie Fire"
"3.2.3","CADE",0,"Post-Storrie Fire"
"3.2.4","CADE",107.856282009262,"Post-Storrie Fire"
"3.2.5","CADE",0,"Post-Storrie Fire"
"3.2.6","CADE",0,"Post-Storrie Fire"
"3.3.2","CADE",0,"Post-Storrie Fire"
"3.3.3","CADE",141.586299499705,"Post-Storrie Fire"
"3.3.4","CADE",135.410862595321,"Post-Storrie Fire"
"3.3.5","CADE",0,"Post-Storrie Fire"
"3.3.6","CADE",123.480579847165,"Post-Storrie Fire"
"3.4.1","CADE",0,"Post-Storrie Fire"
"3.4.2","CADE",0,"Post-Storrie Fire"
"3.4.3","CADE",122.406698877863,"Post-Storrie Fire"
"3.4.4","CADE",0,"Post-Storrie Fire"
"3.4.5","CADE",0,"Post-Storrie Fire"
"3.4.6","CADE",0,"Post-Storrie Fire"
"4.1.1","CADE",0,"Post-Storrie Fire"
"4.1.2","CADE",0,"Post-Storrie Fire"
"4.1.3","CADE",0,"Post-Storrie Fire"
"4.1.4","CADE",0,"Post-Storrie Fire"
"4.1.5","CADE",0,"Post-Storrie Fire"
"4.1.6","CADE",0,"Post-Storrie Fire"
"4.2.1","CADE",0,"Post-Storrie Fire"
"4.2.2","CADE",0,"Post-Storrie Fire"
"4.2.3","CADE",0,"Post-Storrie Fire"
"4.2.4","CADE",0,"Post-Storrie Fire"
"4.2.5","CADE",0,"Post-Storrie Fire"
"4.2.6","CADE",111.603511690602,"Post-Storrie Fire"
"4.3.1","CADE",0,"Post-Storrie Fire"
"4.3.2","CADE",0,"Post-Storrie Fire"
"4.3.3","CADE",0,"Post-Storrie Fire"
"4.3.4","CADE",0,"Post-Storrie Fire"
"4.3.5","CADE",0,"Post-Storrie Fire"
"4.3.6","CADE",0,"Post-Storrie Fire"
"4.4.1","CADE",0,"Post-Storrie Fire"
"4.4.2","CADE",0,"Post-Storrie Fire"
"4.4.3","CADE",0,"Post-Storrie Fire"
"4.4.4","CADE",0,"Post-Storrie Fire"
"4.4.5","CADE",0,"Post-Storrie Fire"
"4.4.6","CADE",0,"Post-Storrie Fire"
"1.1.1","PILA",0,"Post-Storrie Fire"
"1.1.2","PILA",0,"Post-Storrie Fire"
"1.1.3","PILA",0,"Post-Storrie Fire"
"1.1.4","PILA",0,"Post-Storrie Fire"
"1.2.1","PILA",104.339857371911,"Post-Storrie Fire"
"1.2.2","PILA",0,"Post-Storrie Fire"
"1.2.3","PILA",0,"Post-Storrie Fire"
"1.2.4","PILA",0,"Post-Storrie Fire"
"1.2.5","PILA",105.561585447107,"Post-Storrie Fire"
"1.2.6","PILA",0,"Post-Storrie Fire"
"1.3.1","PILA",0,"Post-Storrie Fire"
"1.3.2","PILA",0,"Post-Storrie Fire"
"1.3.3","PILA",111.147090792285,"Post-Storrie Fire"
"1.3.4","PILA",106.040521308662,"Post-Storrie Fire"
"1.3.5","PILA",107.962565822631,"Post-Storrie Fire"
"1.3.6","PILA",0,"Post-Storrie Fire"
"1.4.1","PILA",123.766941355807,"Post-Storrie Fire"
"1.4.2","PILA",0,"Post-Storrie Fire"
"1.4.3","PILA",108.250206078289,"Post-Storrie Fire"
"1.4.4","PILA",103.650052320306,"Post-Storrie Fire"
"1.4.5","PILA",117.905020618645,"Post-Storrie Fire"
"1.4.6","PILA",107.470517974487,"Post-Storrie Fire"
"2.1.1","PILA",139.01846482113,"Post-Storrie Fire"
"2.1.2","PILA",0,"Post-Storrie Fire"
"2.1.3","PILA",150.809469434825,"Post-Storrie Fire"
"2.1.4","PILA",0,"Post-Storrie Fire"
"2.1.5","PILA",147.795753049908,"Post-Storrie Fire"
"2.1.6","PILA",0,"Post-Storrie Fire"
"2.2.1","PILA",0,"Post-Storrie Fire"
"2.2.2","PILA",101.512852790197,"Post-Storrie Fire"
"2.2.3","PILA",138.436346712464,"Post-Storrie Fire"
"2.2.4","PILA",0,"Post-Storrie Fire"
"2.2.5","PILA",0,"Post-Storrie Fire"
"2.2.6","PILA",122.524190679999,"Post-Storrie Fire"
"2.3.1","PILA",0,"Post-Storrie Fire"
"2.3.2","PILA",0,"Post-Storrie Fire"
"2.3.3","PILA",0,"Post-Storrie Fire"
"2.3.4","PILA",167.973825103503,"Post-Storrie Fire"
"2.3.5","PILA",0,"Post-Storrie Fire"
"2.3.6","PILA",0,"Post-Storrie Fire"
"2.4.1","PILA",0,"Post-Storrie Fire"
"2.4.2","PILA",0,"Post-Storrie Fire"
"2.4.3","PILA",0,"Post-Storrie Fire"
"2.4.4","PILA",128.376687455154,"Post-Storrie Fire"
"2.4.5","PILA",118.360289502647,"Post-Storrie Fire"
"2.4.6","PILA",112.628822699721,"Post-Storrie Fire"
"3.1.1","PILA",0,"Post-Storrie Fire"
"3.1.2","PILA",0,"Post-Storrie Fire"
"3.1.3","PILA",0,"Post-Storrie Fire"
"3.1.4","PILA",0,"Post-Storrie Fire"
"3.1.5","PILA",0,"Post-Storrie Fire"
"3.1.6","PILA",0,"Post-Storrie Fire"
"3.2.1","PILA",111.721934578865,"Post-Storrie Fire"
"3.2.2","PILA",143.686009524354,"Post-Storrie Fire"
"3.2.3","PILA",0,"Post-Storrie Fire"
"3.2.4","PILA",0,"Post-Storrie Fire"
"3.2.5","PILA",0,"Post-Storrie Fire"
"3.2.6","PILA",146.66833571357,"Post-Storrie Fire"
"3.3.2","PILA",126.714789323485,"Post-Storrie Fire"
"3.3.3","PILA",0,"Post-Storrie Fire"
"3.3.4","PILA",0,"Post-Storrie Fire"
"3.3.5","PILA",0,"Post-Storrie Fire"
"3.3.6","PILA",129.133797202808,"Post-Storrie Fire"
"3.4.1","PILA",0,"Post-Storrie Fire"
"3.4.2","PILA",0,"Post-Storrie Fire"
"3.4.3","PILA",0,"Post-Storrie Fire"
"3.4.4","PILA",0,"Post-Storrie Fire"
"3.4.5","PILA",168.908040449716,"Post-Storrie Fire"
"3.4.6","PILA",0,"Post-Storrie Fire"
"4.1.1","PILA",0,"Post-Storrie Fire"
"4.1.2","PILA",0,"Post-Storrie Fire"
"4.1.3","PILA",0,"Post-Storrie Fire"
"4.1.4","PILA",0,"Post-Storrie Fire"
"4.1.5","PILA",0,"Post-Storrie Fire"
"4.1.6","PILA",0,"Post-Storrie Fire"
"4.2.1","PILA",117.209358004363,"Post-Storrie Fire"
"4.2.2","PILA",0,"Post-Storrie Fire"
"4.2.3","PILA",0,"Post-Storrie Fire"
"4.2.4","PILA",0,"Post-Storrie Fire"
"4.2.5","PILA",0,"Post-Storrie Fire"
"4.2.6","PILA",0,"Post-Storrie Fire"
"4.3.1","PILA",0,"Post-Storrie Fire"
"4.3.2","PILA",0,"Post-Storrie Fire"
"4.3.3","PILA",0,"Post-Storrie Fire"
"4.3.4","PILA",0,"Post-Storrie Fire"
"4.3.5","PILA",0,"Post-Storrie Fire"
"4.3.6","PILA",0,"Post-Storrie Fire"
"4.4.1","PILA",0,"Post-Storrie Fire"
"4.4.2","PILA",0,"Post-Storrie Fire"
"4.4.3","PILA",146.73688499464,"Post-Storrie Fire"
"4.4.4","PILA",0,"Post-Storrie Fire"
"4.4.5","PILA",0,"Post-Storrie Fire"
"4.4.6","PILA",0,"Post-Storrie Fire"
"1.1.1","PIPO",107.469442394049,"Post-Storrie Fire"
"1.1.2","PIPO",133.024787203622,"Post-Storrie Fire"
"1.1.3","PIPO",0,"Post-Storrie Fire"
"1.1.4","PIPO",119.443511079696,"Post-Storrie Fire"
"1.2.1","PIPO",106.060089406077,"Post-Storrie Fire"
"1.2.2","PIPO",0,"Post-Storrie Fire"
"1.2.3","PIPO",113.205165814015,"Post-Storrie Fire"
"1.2.4","PIPO",171.038365534359,"Post-Storrie Fire"
"1.2.5","PIPO",130.489123975363,"Post-Storrie Fire"
"1.2.6","PIPO",108.007155097925,"Post-Storrie Fire"
"1.3.1","PIPO",150.447228213897,"Post-Storrie Fire"
"1.3.2","PIPO",137.061936577936,"Post-Storrie Fire"
"1.3.3","PIPO",115.54192868419,"Post-Storrie Fire"
"1.3.4","PIPO",137.583704073221,"Post-Storrie Fire"
"1.3.5","PIPO",133.786760744513,"Post-Storrie Fire"
"1.3.6","PIPO",105.738607635194,"Post-Storrie Fire"
"1.4.1","PIPO",0,"Post-Storrie Fire"
"1.4.2","PIPO",161.285062234465,"Post-Storrie Fire"
"1.4.3","PIPO",107.704947792198,"Post-Storrie Fire"
"1.4.4","PIPO",106.192602057713,"Post-Storrie Fire"
"1.4.5","PIPO",161.37716045148,"Post-Storrie Fire"
"1.4.6","PIPO",106.281914503897,"Post-Storrie Fire"
"2.1.1","PIPO",0,"Post-Storrie Fire"
"2.1.2","PIPO",107.066133134718,"Post-Storrie Fire"
"2.1.3","PIPO",0,"Post-Storrie Fire"
"2.1.4","PIPO",0,"Post-Storrie Fire"
"2.1.5","PIPO",0,"Post-Storrie Fire"
"2.1.6","PIPO",0,"Post-Storrie Fire"
"2.2.1","PIPO",0,"Post-Storrie Fire"
"2.2.2","PIPO",0,"Post-Storrie Fire"
"2.2.3","PIPO",0,"Post-Storrie Fire"
"2.2.4","PIPO",0,"Post-Storrie Fire"
"2.2.5","PIPO",0,"Post-Storrie Fire"
"2.2.6","PIPO",181.273177633925,"Post-Storrie Fire"
"2.3.1","PIPO",108.207256216228,"Post-Storrie Fire"
"2.3.2","PIPO",0,"Post-Storrie Fire"
"2.3.3","PIPO",131.580568337555,"Post-Storrie Fire"
"2.3.4","PIPO",0,"Post-Storrie Fire"
"2.3.5","PIPO",0,"Post-Storrie Fire"
"2.3.6","PIPO",118.415170219838,"Post-Storrie Fire"
"2.4.1","PIPO",0,"Post-Storrie Fire"
"2.4.2","PIPO",0,"Post-Storrie Fire"
"2.4.3","PIPO",0,"Post-Storrie Fire"
"2.4.4","PIPO",0,"Post-Storrie Fire"
"2.4.5","PIPO",105.041931620866,"Post-Storrie Fire"
"2.4.6","PIPO",122.952270013839,"Post-Storrie Fire"
"3.1.1","PIPO",150.388100039434,"Post-Storrie Fire"
"3.1.2","PIPO",0,"Post-Storrie Fire"
"3.1.3","PIPO",112.381637841107,"Post-Storrie Fire"
"3.1.4","PIPO",0,"Post-Storrie Fire"
"3.1.5","PIPO",0,"Post-Storrie Fire"
"3.1.6","PIPO",0,"Post-Storrie Fire"
"3.2.1","PIPO",106.340142815637,"Post-Storrie Fire"
"3.2.2","PIPO",123.432730681967,"Post-Storrie Fire"
"3.2.3","PIPO",149.344047863396,"Post-Storrie Fire"
"3.2.4","PIPO",107.350720460673,"Post-Storrie Fire"
"3.2.5","PIPO",120.021794292038,"Post-Storrie Fire"
"3.2.6","PIPO",0,"Post-Storrie Fire"
"3.3.2","PIPO",0,"Post-Storrie Fire"
"3.3.3","PIPO",0,"Post-Storrie Fire"
"3.3.4","PIPO",118.746619281662,"Post-Storrie Fire"
"3.3.5","PIPO",192.689494294026,"Post-Storrie Fire"
"3.3.6","PIPO",0,"Post-Storrie Fire"
"3.4.1","PIPO",0,"Post-Storrie Fire"
"3.4.2","PIPO",0,"Post-Storrie Fire"
"3.4.3","PIPO",153.907646970205,"Post-Storrie Fire"
"3.4.4","PIPO",108.612652896217,"Post-Storrie Fire"
"3.4.5","PIPO",0,"Post-Storrie Fire"
"3.4.6","PIPO",0,"Post-Storrie Fire"
"4.1.1","PIPO",0,"Post-Storrie Fire"
"4.1.2","PIPO",0,"Post-Storrie Fire"
"4.1.3","PIPO",0,"Post-Storrie Fire"
"4.1.4","PIPO",0,"Post-Storrie Fire"
"4.1.5","PIPO",0,"Post-Storrie Fire"
"4.1.6","PIPO",0,"Post-Storrie Fire"
"4.2.1","PIPO",156.028866279703,"Post-Storrie Fire"
"4.2.2","PIPO",0,"Post-Storrie Fire"
"4.2.3","PIPO",217.647058823529,"Post-Storrie Fire"
"4.2.4","PIPO",0,"Post-Storrie Fire"
"4.2.5","PIPO",0,"Post-Storrie Fire"
"4.2.6","PIPO",125.969072268267,"Post-Storrie Fire"
"4.3.1","PIPO",0,"Post-Storrie Fire"
"4.3.2","PIPO",135.642689988859,"Post-Storrie Fire"
"4.3.3","PIPO",0,"Post-Storrie Fire"
"4.3.4","PIPO",0,"Post-Storrie Fire"
"4.3.5","PIPO",0,"Post-Storrie Fire"
"4.3.6","PIPO",0,"Post-Storrie Fire"
"4.4.1","PIPO",0,"Post-Storrie Fire"
"4.4.2","PIPO",0,"Post-Storrie Fire"
"4.4.3","PIPO",0,"Post-Storrie Fire"
"4.4.4","PIPO",0,"Post-Storrie Fire"
"4.4.5","PIPO",0,"Post-Storrie Fire"
"4.4.6","PIPO",145.577514305649,"Post-Storrie Fire"
"1.1.1","PSME",192.570855479657,"Post-Storrie Fire"
"1.1.2","PSME",196.174841685142,"Post-Storrie Fire"
"1.1.3","PSME",0,"Post-Storrie Fire"
"1.1.4","PSME",0,"Post-Storrie Fire"
"1.2.1","PSME",179.481765607273,"Post-Storrie Fire"
"1.2.2","PSME",152.839938038727,"Post-Storrie Fire"
"1.2.3","PSME",121.604961687099,"Post-Storrie Fire"
"1.2.4","PSME",0,"Post-Storrie Fire"
"1.2.5","PSME",140.117092567873,"Post-Storrie Fire"
"1.2.6","PSME",149.892795052851,"Post-Storrie Fire"
"1.3.1","PSME",0,"Post-Storrie Fire"
"1.3.2","PSME",170.469621962718,"Post-Storrie Fire"
"1.3.3","PSME",130.2453663165,"Post-Storrie Fire"
"1.3.4","PSME",117.804264089731,"Post-Storrie Fire"
"1.3.5","PSME",161.855399724641,"Post-Storrie Fire"
"1.3.6","PSME",0,"Post-Storrie Fire"
"1.4.1","PSME",0,"Post-Storrie Fire"
"1.4.2","PSME",153.995129935778,"Post-Storrie Fire"
"1.4.3","PSME",0,"Post-Storrie Fire"
"1.4.4","PSME",165.298815971092,"Post-Storrie Fire"
"1.4.5","PSME",0,"Post-Storrie Fire"
"1.4.6","PSME",169.89538506509,"Post-Storrie Fire"
"2.1.1","PSME",137.016173449495,"Post-Storrie Fire"
"2.1.2","PSME",125.812152765086,"Post-Storrie Fire"
"2.1.3","PSME",0,"Post-Storrie Fire"
"2.1.4","PSME",109.243839574973,"Post-Storrie Fire"
"2.1.5","PSME",149.004539608309,"Post-Storrie Fire"
"2.1.6","PSME",178.91257662,"Post-Storrie Fire"
"2.2.1","PSME",185.738033706133,"Post-Storrie Fire"
"2.2.2","PSME",0,"Post-Storrie Fire"
"2.2.3","PSME",0,"Post-Storrie Fire"
"2.2.4","PSME",127.015685184895,"Post-Storrie Fire"
"2.2.5","PSME",150.356776423831,"Post-Storrie Fire"
"2.2.6","PSME",0,"Post-Storrie Fire"
"2.3.1","PSME",176.488873522671,"Post-Storrie Fire"
"2.3.2","PSME",0,"Post-Storrie Fire"
"2.3.3","PSME",110.951003316554,"Post-Storrie Fire"
"2.3.4","PSME",147.295049963636,"Post-Storrie Fire"
"2.3.5","PSME",0,"Post-Storrie Fire"
"2.3.6","PSME",0,"Post-Storrie Fire"
"2.4.1","PSME",0,"Post-Storrie Fire"
"2.4.2","PSME",0,"Post-Storrie Fire"
"2.4.3","PSME",0,"Post-Storrie Fire"
"2.4.4","PSME",0,"Post-Storrie Fire"
"2.4.5","PSME",0,"Post-Storrie Fire"
"2.4.6","PSME",0,"Post-Storrie Fire"
"3.1.1","PSME",172.095405187919,"Post-Storrie Fire"
"3.1.2","PSME",0,"Post-Storrie Fire"
"3.1.3","PSME",0,"Post-Storrie Fire"
"3.1.4","PSME",190.747206703911,"Post-Storrie Fire"
"3.1.5","PSME",0,"Post-Storrie Fire"
"3.1.6","PSME",0,"Post-Storrie Fire"
"3.2.1","PSME",0,"Post-Storrie Fire"
"3.2.2","PSME",0,"Post-Storrie Fire"
"3.2.3","PSME",0,"Post-Storrie Fire"
"3.2.4","PSME",0,"Post-Storrie Fire"
"3.2.5","PSME",0,"Post-Storrie Fire"
"3.2.6","PSME",0,"Post-Storrie Fire"
"3.3.2","PSME",0,"Post-Storrie Fire"
"3.3.3","PSME",155.28874277959,"Post-Storrie Fire"
"3.3.4","PSME",0,"Post-Storrie Fire"
"3.3.5","PSME",0,"Post-Storrie Fire"
"3.3.6","PSME",142.423019447485,"Post-Storrie Fire"
"3.4.1","PSME",0,"Post-Storrie Fire"
"3.4.2","PSME",0,"Post-Storrie Fire"
"3.4.3","PSME",0,"Post-Storrie Fire"
"3.4.4","PSME",194.02478434098,"Post-Storrie Fire"
"3.4.5","PSME",0,"Post-Storrie Fire"
"3.4.6","PSME",195.162619930271,"Post-Storrie Fire"
"4.1.1","PSME",0,"Post-Storrie Fire"
"4.1.2","PSME",0,"Post-Storrie Fire"
"4.1.3","PSME",0,"Post-Storrie Fire"
"4.1.4","PSME",0,"Post-Storrie Fire"
"4.1.5","PSME",0,"Post-Storrie Fire"
"4.1.6","PSME",0,"Post-Storrie Fire"
"4.2.1","PSME",124.797175453748,"Post-Storrie Fire"
"4.2.2","PSME",0,"Post-Storrie Fire"
"4.2.3","PSME",0,"Post-Storrie Fire"
"4.2.4","PSME",0,"Post-Storrie Fire"
"4.2.5","PSME",0,"Post-Storrie Fire"
"4.2.6","PSME",0,"Post-Storrie Fire"
"4.3.1","PSME",0,"Post-Storrie Fire"
"4.3.2","PSME",0,"Post-Storrie Fire"
"4.3.3","PSME",0,"Post-Storrie Fire"
"4.3.4","PSME",0,"Post-Storrie Fire"
"4.3.5","PSME",0,"Post-Storrie Fire"
"4.3.6","PSME",0,"Post-Storrie Fire"
"4.4.1","PSME",0,"Post-Storrie Fire"
"4.4.2","PSME",0,"Post-Storrie Fire"
"4.4.3","PSME",0,"Post-Storrie Fire"
"4.4.4","PSME",0,"Post-Storrie Fire"
"4.4.5","PSME",0,"Post-Storrie Fire"
"4.4.6","PSME",0,"Post-Storrie Fire"
"1.1.1","QUKE",110.206434180675,"Post-Storrie Fire"
"1.1.2","QUKE",158.591615788249,"Post-Storrie Fire"
"1.1.3","QUKE",190.145096706392,"Post-Storrie Fire"
"1.1.4","QUKE",195.500455672786,"Post-Storrie Fire"
"1.2.1","QUKE",130.837381898683,"Post-Storrie Fire"
"1.2.2","QUKE",161.237502645345,"Post-Storrie Fire"
"1.2.3","QUKE",206.81670940931,"Post-Storrie Fire"
"1.2.4","QUKE",216.825656704229,"Post-Storrie Fire"
"1.2.5","QUKE",115.266759780994,"Post-Storrie Fire"
"1.2.6","QUKE",150.420870242393,"Post-Storrie Fire"
"1.3.1","QUKE",124.496769012027,"Post-Storrie Fire"
"1.3.2","QUKE",158.780843786871,"Post-Storrie Fire"
"1.3.3","QUKE",175.839823983509,"Post-Storrie Fire"
"1.3.4","QUKE",168.451909331231,"Post-Storrie Fire"
"1.3.5","QUKE",165.201647520898,"Post-Storrie Fire"
"1.3.6","QUKE",201.49597277705,"Post-Storrie Fire"
"1.4.1","QUKE",125.482278860623,"Post-Storrie Fire"
"1.4.2","QUKE",119.698516258147,"Post-Storrie Fire"
"1.4.3","QUKE",132.319574270147,"Post-Storrie Fire"
"1.4.4","QUKE",122.681849490288,"Post-Storrie Fire"
"1.4.5","QUKE",136.843563404854,"Post-Storrie Fire"
"1.4.6","QUKE",128.782807286283,"Post-Storrie Fire"
"2.1.1","QUKE",192.104753440139,"Post-Storrie Fire"
"2.1.2","QUKE",165.038130395572,"Post-Storrie Fire"
"2.1.3","QUKE",145.953350748676,"Post-Storrie Fire"
"2.1.4","QUKE",201.617429392673,"Post-Storrie Fire"
"2.1.5","QUKE",132.016440792332,"Post-Storrie Fire"
"2.1.6","QUKE",142.990558074006,"Post-Storrie Fire"
"2.2.1","QUKE",191.306546021009,"Post-Storrie Fire"
"2.2.2","QUKE",234.37056764365,"Post-Storrie Fire"
"2.2.3","QUKE",141.920963941557,"Post-Storrie Fire"
"2.2.4","QUKE",229.722675293442,"Post-Storrie Fire"
"2.2.5","QUKE",111.794071897521,"Post-Storrie Fire"
"2.2.6","QUKE",125.743964471889,"Post-Storrie Fire"
"2.3.1","QUKE",129.399653719878,"Post-Storrie Fire"
"2.3.2","QUKE",131.415049611043,"Post-Storrie Fire"
"2.3.3","QUKE",169.801169102868,"Post-Storrie Fire"
"2.3.4","QUKE",150,"Post-Storrie Fire"
"2.3.5","QUKE",169.508017064939,"Post-Storrie Fire"
"2.3.6","QUKE",152.559990993742,"Post-Storrie Fire"
"2.4.1","QUKE",171.731490019396,"Post-Storrie Fire"
"2.4.2","QUKE",195.32599686412,"Post-Storrie Fire"
"2.4.3","QUKE",158.099951188272,"Post-Storrie Fire"
"2.4.4","QUKE",199.536456084778,"Post-Storrie Fire"
"2.4.5","QUKE",156.208782904949,"Post-Storrie Fire"
"2.4.6","QUKE",118.556519165929,"Post-Storrie Fire"
"3.1.1","QUKE",125.92005244985,"Post-Storrie Fire"
"3.1.2","QUKE",256.973111681357,"Post-Storrie Fire"
"3.1.3","QUKE",287.618362158893,"Post-Storrie Fire"
"3.1.4","QUKE",209.252793296089,"Post-Storrie Fire"
"3.1.5","QUKE",253.104080101209,"Post-Storrie Fire"
"3.1.6","QUKE",198.613095589971,"Post-Storrie Fire"
"3.2.1","QUKE",159.514294909805,"Post-Storrie Fire"
"3.2.2","QUKE",127.390576031601,"Post-Storrie Fire"
"3.2.3","QUKE",250.655952136604,"Post-Storrie Fire"
"3.2.4","QUKE",146.521989990778,"Post-Storrie Fire"
"3.2.5","QUKE",238.418632898501,"Post-Storrie Fire"
"3.2.6","QUKE",219.721408816426,"Post-Storrie Fire"
"3.3.2","QUKE",160,"Post-Storrie Fire"
"3.3.3","QUKE",128.571428571429,"Post-Storrie Fire"
"3.3.4","QUKE",198.929069584609,"Post-Storrie Fire"
"3.3.5","QUKE",180.793387782502,"Post-Storrie Fire"
"3.3.6","QUKE",156.884463231462,"Post-Storrie Fire"
"3.4.1","QUKE",182.872426511,"Post-Storrie Fire"
"3.4.2","QUKE",300,"Post-Storrie Fire"
"3.4.3","QUKE",143.317999007093,"Post-Storrie Fire"
"3.4.4","QUKE",172.885443575687,"Post-Storrie Fire"
"3.4.5","QUKE",211.097493776713,"Post-Storrie Fire"
"3.4.6","QUKE",145.308972727279,"Post-Storrie Fire"
"4.1.1","QUKE",300,"Post-Storrie Fire"
"4.1.2","QUKE",300,"Post-Storrie Fire"
"4.1.3","QUKE",300,"Post-Storrie Fire"
"4.1.4","QUKE",300,"Post-Storrie Fire"
"4.1.5","QUKE",300,"Post-Storrie Fire"
"4.1.6","QUKE",300,"Post-Storrie Fire"
"4.2.1","QUKE",186.905666800288,"Post-Storrie Fire"
"4.2.2","QUKE",300,"Post-Storrie Fire"
"4.2.3","QUKE",182.352941176471,"Post-Storrie Fire"
"4.2.4","QUKE",300,"Post-Storrie Fire"
"4.2.5","QUKE",300,"Post-Storrie Fire"
"4.2.6","QUKE",262.42741604113,"Post-Storrie Fire"
"4.3.1","QUKE",200,"Post-Storrie Fire"
"4.3.2","QUKE",123.076923076923,"Post-Storrie Fire"
"4.3.3","QUKE",200,"Post-Storrie Fire"
"4.3.4","QUKE",200,"Post-Storrie Fire"
"4.3.5","QUKE",300,"Post-Storrie Fire"
"4.3.6","QUKE",274.140440541021,"Post-Storrie Fire"
"4.4.1","QUKE",300,"Post-Storrie Fire"
"4.4.2","QUKE",200,"Post-Storrie Fire"
"4.4.3","QUKE",253.26311500536,"Post-Storrie Fire"
"4.4.4","QUKE",143.478260869565,"Post-Storrie Fire"
"4.4.5","QUKE",300,"Post-Storrie Fire"
"4.4.6","QUKE",211.144414941483,"Post-Storrie Fire"
"1.1.1","ABCO",187.338032098077,"Post-Chips Fire"
"1.1.2","ABCO",110.706287485797,"Post-Chips Fire"
"1.1.3","ABCO",209.854903293608,"Post-Chips Fire"
"1.1.4","ABCO",162.871033559183,"Post-Chips Fire"
"1.2.1","ABCO",145.042201119791,"Post-Chips Fire"
"1.2.2","ABCO",182.492140613165,"Post-Chips Fire"
"1.2.3","ABCO",167.75204504227,"Post-Chips Fire"
"1.2.4","ABCO",112.135977761412,"Post-Chips Fire"
"1.2.5","ABCO",193.020943254523,"Post-Chips Fire"
"1.2.6","ABCO",116.547394187681,"Post-Chips Fire"
"1.3.1","ABCO",196.116875517752,"Post-Chips Fire"
"1.3.2","ABCO",0,"Post-Chips Fire"
"1.3.3","ABCO",144.741674786054,"Post-Chips Fire"
"1.3.4","ABCO",0,"Post-Chips Fire"
"1.3.5","ABCO",0,"Post-Chips Fire"
"1.3.6","ABCO",0,"Post-Chips Fire"
"1.4.1","ABCO",0,"Post-Chips Fire"
"1.4.2","ABCO",0,"Post-Chips Fire"
"1.4.3","ABCO",0,"Post-Chips Fire"
"1.4.4","ABCO",0,"Post-Chips Fire"
"1.4.5","ABCO",0,"Post-Chips Fire"
"1.4.6","ABCO",0,"Post-Chips Fire"
"2.1.1","ABCO",119.101926389686,"Post-Chips Fire"
"2.1.2","ABCO",0,"Post-Chips Fire"
"2.1.3","ABCO",183.651745076683,"Post-Chips Fire"
"2.1.4","ABCO",174.698828131475,"Post-Chips Fire"
"2.1.5","ABCO",149.59059058664,"Post-Chips Fire"
"2.1.6","ABCO",178.096865305995,"Post-Chips Fire"
"2.2.1","ABCO",124.020103005564,"Post-Chips Fire"
"2.2.2","ABCO",160.134931055732,"Post-Chips Fire"
"2.2.3","ABCO",177.560030119674,"Post-Chips Fire"
"2.2.4","ABCO",143.261639521663,"Post-Chips Fire"
"2.2.5","ABCO",204.913131868028,"Post-Chips Fire"
"2.2.6","ABCO",166.690450138735,"Post-Chips Fire"
"2.3.1","ABCO",206.787068397669,"Post-Chips Fire"
"2.3.2","ABCO",266.230411765193,"Post-Chips Fire"
"2.3.3","ABCO",149.616096428569,"Post-Chips Fire"
"2.3.4","ABCO",132.84913983738,"Post-Chips Fire"
"2.3.5","ABCO",200.836792021457,"Post-Chips Fire"
"2.3.6","ABCO",190.865701438152,"Post-Chips Fire"
"2.4.1","ABCO",0,"Post-Chips Fire"
"2.4.2","ABCO",0,"Post-Chips Fire"
"2.4.3","ABCO",0,"Post-Chips Fire"
"2.4.4","ABCO",0,"Post-Chips Fire"
"2.4.5","ABCO",0,"Post-Chips Fire"
"2.4.6","ABCO",0,"Post-Chips Fire"
"3.1.1","ABCO",0,"Post-Chips Fire"
"3.1.2","ABCO",141.221725758676,"Post-Chips Fire"
"3.1.3","ABCO",0,"Post-Chips Fire"
"3.1.4","ABCO",0,"Post-Chips Fire"
"3.1.5","ABCO",147.057300664964,"Post-Chips Fire"
"3.1.6","ABCO",201.386904410029,"Post-Chips Fire"
"3.2.1","ABCO",187.845726950749,"Post-Chips Fire"
"3.2.2","ABCO",123.360375246662,"Post-Chips Fire"
"3.2.3","ABCO",0,"Post-Chips Fire"
"3.2.4","ABCO",237.029717461966,"Post-Chips Fire"
"3.2.5","ABCO",134.328073505679,"Post-Chips Fire"
"3.2.6","ABCO",134.966849415759,"Post-Chips Fire"
"3.3.2","ABCO",203.142871051418,"Post-Chips Fire"
"3.3.3","ABCO",0,"Post-Chips Fire"
"3.3.4","ABCO",143.363615597624,"Post-Chips Fire"
"3.3.5","ABCO",0,"Post-Chips Fire"
"3.3.6","ABCO",116.852181521586,"Post-Chips Fire"
"3.4.1","ABCO",0,"Post-Chips Fire"
"3.4.2","ABCO",0,"Post-Chips Fire"
"3.4.3","ABCO",0,"Post-Chips Fire"
"3.4.4","ABCO",0,"Post-Chips Fire"
"3.4.5","ABCO",0,"Post-Chips Fire"
"3.4.6","ABCO",0,"Post-Chips Fire"
"4.1.1","ABCO",0,"Post-Chips Fire"
"4.1.2","ABCO",0,"Post-Chips Fire"
"4.1.3","ABCO",0,"Post-Chips Fire"
"4.1.4","ABCO",107.021276595745,"Post-Chips Fire"
"4.1.5","ABCO",0,"Post-Chips Fire"
"4.1.6","ABCO",0,"Post-Chips Fire"
"4.2.1","ABCO",122.481933592365,"Post-Chips Fire"
"4.2.2","ABCO",0,"Post-Chips Fire"
"4.2.3","ABCO",0,"Post-Chips Fire"
"4.2.4","ABCO",0,"Post-Chips Fire"
"4.2.5","ABCO",0,"Post-Chips Fire"
"4.2.6","ABCO",0,"Post-Chips Fire"
"4.3.1","ABCO",0,"Post-Chips Fire"
"4.3.2","ABCO",0,"Post-Chips Fire"
"4.3.3","ABCO",0,"Post-Chips Fire"
"4.3.4","ABCO",0,"Post-Chips Fire"
"4.3.5","ABCO",0,"Post-Chips Fire"
"4.3.6","ABCO",158.913051318115,"Post-Chips Fire"
"4.4.1","ABCO",0,"Post-Chips Fire"
"4.4.2","ABCO",0,"Post-Chips Fire"
"4.4.3","ABCO",0,"Post-Chips Fire"
"4.4.4","ABCO",0,"Post-Chips Fire"
"4.4.5","ABCO",0,"Post-Chips Fire"
"4.4.6","ABCO",0,"Post-Chips Fire"
"1.1.1","CADE",102.415235847543,"Post-Chips Fire"
"1.1.2","CADE",101.50246783719,"Post-Chips Fire"
"1.1.3","CADE",0,"Post-Chips Fire"
"1.1.4","CADE",122.184999688334,"Post-Chips Fire"
"1.2.1","CADE",128.473770661134,"Post-Chips Fire"
"1.2.2","CADE",0,"Post-Chips Fire"
"1.2.3","CADE",0,"Post-Chips Fire"
"1.2.4","CADE",0,"Post-Chips Fire"
"1.2.5","CADE",0,"Post-Chips Fire"
"1.2.6","CADE",170.584668138147,"Post-Chips Fire"
"1.3.1","CADE",119.159010460594,"Post-Chips Fire"
"1.3.2","CADE",0,"Post-Chips Fire"
"1.3.3","CADE",0,"Post-Chips Fire"
"1.3.4","CADE",0,"Post-Chips Fire"
"1.3.5","CADE",0,"Post-Chips Fire"
"1.3.6","CADE",152.565185425611,"Post-Chips Fire"
"1.4.1","CADE",0,"Post-Chips Fire"
"1.4.2","CADE",0,"Post-Chips Fire"
"1.4.3","CADE",0,"Post-Chips Fire"
"1.4.4","CADE",0,"Post-Chips Fire"
"1.4.5","CADE",0,"Post-Chips Fire"
"1.4.6","CADE",0,"Post-Chips Fire"
"2.1.1","CADE",112.758681899549,"Post-Chips Fire"
"2.1.2","CADE",192.181390014579,"Post-Chips Fire"
"2.1.3","CADE",120.546878665763,"Post-Chips Fire"
"2.1.4","CADE",0,"Post-Chips Fire"
"2.1.5","CADE",121.592675962812,"Post-Chips Fire"
"2.1.6","CADE",0,"Post-Chips Fire"
"2.2.1","CADE",0,"Post-Chips Fire"
"2.2.2","CADE",0,"Post-Chips Fire"
"2.2.3","CADE",140.009795602855,"Post-Chips Fire"
"2.2.4","CADE",0,"Post-Chips Fire"
"2.2.5","CADE",111.188582011133,"Post-Chips Fire"
"2.2.6","CADE",0,"Post-Chips Fire"
"2.3.1","CADE",0,"Post-Chips Fire"
"2.3.2","CADE",0,"Post-Chips Fire"
"2.3.3","CADE",123.845888186896,"Post-Chips Fire"
"2.3.4","CADE",0,"Post-Chips Fire"
"2.3.5","CADE",0,"Post-Chips Fire"
"2.3.6","CADE",0,"Post-Chips Fire"
"2.4.1","CADE",0,"Post-Chips Fire"
"2.4.2","CADE",0,"Post-Chips Fire"
"2.4.3","CADE",0,"Post-Chips Fire"
"2.4.4","CADE",0,"Post-Chips Fire"
"2.4.5","CADE",0,"Post-Chips Fire"
"2.4.6","CADE",0,"Post-Chips Fire"
"3.1.1","CADE",147.384245922922,"Post-Chips Fire"
"3.1.2","CADE",0,"Post-Chips Fire"
"3.1.3","CADE",0,"Post-Chips Fire"
"3.1.4","CADE",0,"Post-Chips Fire"
"3.1.5","CADE",0,"Post-Chips Fire"
"3.1.6","CADE",0,"Post-Chips Fire"
"3.2.1","CADE",134.577900744944,"Post-Chips Fire"
"3.2.2","CADE",109.686869837952,"Post-Chips Fire"
"3.2.3","CADE",0,"Post-Chips Fire"
"3.2.4","CADE",109.400113170865,"Post-Chips Fire"
"3.2.5","CADE",0,"Post-Chips Fire"
"3.2.6","CADE",0,"Post-Chips Fire"
"3.3.2","CADE",0,"Post-Chips Fire"
"3.3.3","CADE",0,"Post-Chips Fire"
"3.3.4","CADE",132.769595891695,"Post-Chips Fire"
"3.3.5","CADE",0,"Post-Chips Fire"
"3.3.6","CADE",145.164037148697,"Post-Chips Fire"
"3.4.1","CADE",0,"Post-Chips Fire"
"3.4.2","CADE",0,"Post-Chips Fire"
"3.4.3","CADE",0,"Post-Chips Fire"
"3.4.4","CADE",0,"Post-Chips Fire"
"3.4.5","CADE",0,"Post-Chips Fire"
"3.4.6","CADE",0,"Post-Chips Fire"
"4.1.1","CADE",0,"Post-Chips Fire"
"4.1.2","CADE",0,"Post-Chips Fire"
"4.1.3","CADE",0,"Post-Chips Fire"
"4.1.4","CADE",0,"Post-Chips Fire"
"4.1.5","CADE",0,"Post-Chips Fire"
"4.1.6","CADE",0,"Post-Chips Fire"
"4.2.1","CADE",0,"Post-Chips Fire"
"4.2.2","CADE",0,"Post-Chips Fire"
"4.2.3","CADE",108.204890892652,"Post-Chips Fire"
"4.2.4","CADE",0,"Post-Chips Fire"
"4.2.5","CADE",0,"Post-Chips Fire"
"4.2.6","CADE",0,"Post-Chips Fire"
"4.3.1","CADE",0,"Post-Chips Fire"
"4.3.2","CADE",0,"Post-Chips Fire"
"4.3.3","CADE",0,"Post-Chips Fire"
"4.3.4","CADE",0,"Post-Chips Fire"
"4.3.5","CADE",0,"Post-Chips Fire"
"4.3.6","CADE",0,"Post-Chips Fire"
"4.4.1","CADE",0,"Post-Chips Fire"
"4.4.2","CADE",0,"Post-Chips Fire"
"4.4.3","CADE",0,"Post-Chips Fire"
"4.4.4","CADE",0,"Post-Chips Fire"
"4.4.5","CADE",0,"Post-Chips Fire"
"4.4.6","CADE",0,"Post-Chips Fire"
"1.1.1","PILA",0,"Post-Chips Fire"
"1.1.2","PILA",0,"Post-Chips Fire"
"1.1.3","PILA",0,"Post-Chips Fire"
"1.1.4","PILA",0,"Post-Chips Fire"
"1.2.1","PILA",0,"Post-Chips Fire"
"1.2.2","PILA",0,"Post-Chips Fire"
"1.2.3","PILA",0,"Post-Chips Fire"
"1.2.4","PILA",0,"Post-Chips Fire"
"1.2.5","PILA",0,"Post-Chips Fire"
"1.2.6","PILA",0,"Post-Chips Fire"
"1.3.1","PILA",0,"Post-Chips Fire"
"1.3.2","PILA",0,"Post-Chips Fire"
"1.3.3","PILA",116.044908190798,"Post-Chips Fire"
"1.3.4","PILA",0,"Post-Chips Fire"
"1.3.5","PILA",0,"Post-Chips Fire"
"1.3.6","PILA",0,"Post-Chips Fire"
"1.4.1","PILA",0,"Post-Chips Fire"
"1.4.2","PILA",0,"Post-Chips Fire"
"1.4.3","PILA",0,"Post-Chips Fire"
"1.4.4","PILA",0,"Post-Chips Fire"
"1.4.5","PILA",0,"Post-Chips Fire"
"1.4.6","PILA",0,"Post-Chips Fire"
"2.1.1","PILA",139.01846482113,"Post-Chips Fire"
"2.1.2","PILA",0,"Post-Chips Fire"
"2.1.3","PILA",151.873046842422,"Post-Chips Fire"
"2.1.4","PILA",0,"Post-Chips Fire"
"2.1.5","PILA",147.795753049908,"Post-Chips Fire"
"2.1.6","PILA",0,"Post-Chips Fire"
"2.2.1","PILA",0,"Post-Chips Fire"
"2.2.2","PILA",101.814255331103,"Post-Chips Fire"
"2.2.3","PILA",138.308903360968,"Post-Chips Fire"
"2.2.4","PILA",0,"Post-Chips Fire"
"2.2.5","PILA",0,"Post-Chips Fire"
"2.2.6","PILA",128.459908747679,"Post-Chips Fire"
"2.3.1","PILA",0,"Post-Chips Fire"
"2.3.2","PILA",0,"Post-Chips Fire"
"2.3.3","PILA",0,"Post-Chips Fire"
"2.3.4","PILA",199.994518849488,"Post-Chips Fire"
"2.3.5","PILA",0,"Post-Chips Fire"
"2.3.6","PILA",0,"Post-Chips Fire"
"2.4.1","PILA",0,"Post-Chips Fire"
"2.4.2","PILA",0,"Post-Chips Fire"
"2.4.3","PILA",0,"Post-Chips Fire"
"2.4.4","PILA",0,"Post-Chips Fire"
"2.4.5","PILA",0,"Post-Chips Fire"
"2.4.6","PILA",0,"Post-Chips Fire"
"3.1.1","PILA",0,"Post-Chips Fire"
"3.1.2","PILA",0,"Post-Chips Fire"
"3.1.3","PILA",0,"Post-Chips Fire"
"3.1.4","PILA",0,"Post-Chips Fire"
"3.1.5","PILA",0,"Post-Chips Fire"
"3.1.6","PILA",0,"Post-Chips Fire"
"3.2.1","PILA",111.721934578865,"Post-Chips Fire"
"3.2.2","PILA",188.501030526777,"Post-Chips Fire"
"3.2.3","PILA",0,"Post-Chips Fire"
"3.2.4","PILA",0,"Post-Chips Fire"
"3.2.5","PILA",0,"Post-Chips Fire"
"3.2.6","PILA",149.13902802192,"Post-Chips Fire"
"3.3.2","PILA",0,"Post-Chips Fire"
"3.3.3","PILA",0,"Post-Chips Fire"
"3.3.4","PILA",0,"Post-Chips Fire"
"3.3.5","PILA",0,"Post-Chips Fire"
"3.3.6","PILA",162.566427331026,"Post-Chips Fire"
"3.4.1","PILA",0,"Post-Chips Fire"
"3.4.2","PILA",0,"Post-Chips Fire"
"3.4.3","PILA",0,"Post-Chips Fire"
"3.4.4","PILA",0,"Post-Chips Fire"
"3.4.5","PILA",0,"Post-Chips Fire"
"3.4.6","PILA",0,"Post-Chips Fire"
"4.1.1","PILA",0,"Post-Chips Fire"
"4.1.2","PILA",0,"Post-Chips Fire"
"4.1.3","PILA",104.027176695796,"Post-Chips Fire"
"4.1.4","PILA",0,"Post-Chips Fire"
"4.1.5","PILA",0,"Post-Chips Fire"
"4.1.6","PILA",0,"Post-Chips Fire"
"4.2.1","PILA",125.905234373367,"Post-Chips Fire"
"4.2.2","PILA",0,"Post-Chips Fire"
"4.2.3","PILA",0,"Post-Chips Fire"
"4.2.4","PILA",0,"Post-Chips Fire"
"4.2.5","PILA",0,"Post-Chips Fire"
"4.2.6","PILA",109.144529986859,"Post-Chips Fire"
"4.3.1","PILA",0,"Post-Chips Fire"
"4.3.2","PILA",0,"Post-Chips Fire"
"4.3.3","PILA",0,"Post-Chips Fire"
"4.3.4","PILA",0,"Post-Chips Fire"
"4.3.5","PILA",0,"Post-Chips Fire"
"4.3.6","PILA",0,"Post-Chips Fire"
"4.4.1","PILA",0,"Post-Chips Fire"
"4.4.2","PILA",0,"Post-Chips Fire"
"4.4.3","PILA",0,"Post-Chips Fire"
"4.4.4","PILA",0,"Post-Chips Fire"
"4.4.5","PILA",0,"Post-Chips Fire"
"4.4.6","PILA",0,"Post-Chips Fire"
"1.1.1","PIPO",107.469442394049,"Post-Chips Fire"
"1.1.2","PIPO",133.024787203622,"Post-Chips Fire"
"1.1.3","PIPO",0,"Post-Chips Fire"
"1.1.4","PIPO",119.443511079696,"Post-Chips Fire"
"1.2.1","PIPO",107.232363639448,"Post-Chips Fire"
"1.2.2","PIPO",0,"Post-Chips Fire"
"1.2.3","PIPO",109.895529825306,"Post-Chips Fire"
"1.2.4","PIPO",171.038365534359,"Post-Chips Fire"
"1.2.5","PIPO",133.89327781422,"Post-Chips Fire"
"1.2.6","PIPO",102.970895456872,"Post-Chips Fire"
"1.3.1","PIPO",111.317650658382,"Post-Chips Fire"
"1.3.2","PIPO",130.587977243323,"Post-Chips Fire"
"1.3.3","PIPO",122.805937767251,"Post-Chips Fire"
"1.3.4","PIPO",128.110127788452,"Post-Chips Fire"
"1.3.5","PIPO",159.413194361157,"Post-Chips Fire"
"1.3.6","PIPO",0,"Post-Chips Fire"
"1.4.1","PIPO",0,"Post-Chips Fire"
"1.4.2","PIPO",0,"Post-Chips Fire"
"1.4.3","PIPO",0,"Post-Chips Fire"
"1.4.4","PIPO",0,"Post-Chips Fire"
"1.4.5","PIPO",0,"Post-Chips Fire"
"1.4.6","PIPO",0,"Post-Chips Fire"
"2.1.1","PIPO",0,"Post-Chips Fire"
"2.1.2","PIPO",108.641026000575,"Post-Chips Fire"
"2.1.3","PIPO",0,"Post-Chips Fire"
"2.1.4","PIPO",0,"Post-Chips Fire"
"2.1.5","PIPO",0,"Post-Chips Fire"
"2.1.6","PIPO",0,"Post-Chips Fire"
"2.2.1","PIPO",0,"Post-Chips Fire"
"2.2.2","PIPO",0,"Post-Chips Fire"
"2.2.3","PIPO",0,"Post-Chips Fire"
"2.2.4","PIPO",0,"Post-Chips Fire"
"2.2.5","PIPO",0,"Post-Chips Fire"
"2.2.6","PIPO",158.114433900887,"Post-Chips Fire"
"2.3.1","PIPO",0,"Post-Chips Fire"
"2.3.2","PIPO",0,"Post-Chips Fire"
"2.3.3","PIPO",139.947790181196,"Post-Chips Fire"
"2.3.4","PIPO",0,"Post-Chips Fire"
"2.3.5","PIPO",0,"Post-Chips Fire"
"2.3.6","PIPO",0,"Post-Chips Fire"
"2.4.1","PIPO",0,"Post-Chips Fire"
"2.4.2","PIPO",0,"Post-Chips Fire"
"2.4.3","PIPO",0,"Post-Chips Fire"
"2.4.4","PIPO",0,"Post-Chips Fire"
"2.4.5","PIPO",0,"Post-Chips Fire"
"2.4.6","PIPO",0,"Post-Chips Fire"
"3.1.1","PIPO",146.321632137288,"Post-Chips Fire"
"3.1.2","PIPO",108.491410622432,"Post-Chips Fire"
"3.1.3","PIPO",112.381637841107,"Post-Chips Fire"
"3.1.4","PIPO",0,"Post-Chips Fire"
"3.1.5","PIPO",106.640648430774,"Post-Chips Fire"
"3.1.6","PIPO",0,"Post-Chips Fire"
"3.2.1","PIPO",106.340142815637,"Post-Chips Fire"
"3.2.2","PIPO",133.766780034436,"Post-Chips Fire"
"3.2.3","PIPO",150.138646132199,"Post-Chips Fire"
"3.2.4","PIPO",0,"Post-Chips Fire"
"3.2.5","PIPO",110.779699373644,"Post-Chips Fire"
"3.2.6","PIPO",0,"Post-Chips Fire"
"3.3.2","PIPO",0,"Post-Chips Fire"
"3.3.3","PIPO",0,"Post-Chips Fire"
"3.3.4","PIPO",117.421627798016,"Post-Chips Fire"
"3.3.5","PIPO",198.335270829874,"Post-Chips Fire"
"3.3.6","PIPO",0,"Post-Chips Fire"
"3.4.1","PIPO",0,"Post-Chips Fire"
"3.4.2","PIPO",0,"Post-Chips Fire"
"3.4.3","PIPO",0,"Post-Chips Fire"
"3.4.4","PIPO",0,"Post-Chips Fire"
"3.4.5","PIPO",0,"Post-Chips Fire"
"3.4.6","PIPO",0,"Post-Chips Fire"
"4.1.1","PIPO",0,"Post-Chips Fire"
"4.1.2","PIPO",106.742572439684,"Post-Chips Fire"
"4.1.3","PIPO",0,"Post-Chips Fire"
"4.1.4","PIPO",0,"Post-Chips Fire"
"4.1.5","PIPO",0,"Post-Chips Fire"
"4.1.6","PIPO",0,"Post-Chips Fire"
"4.2.1","PIPO",126.987091209226,"Post-Chips Fire"
"4.2.2","PIPO",0,"Post-Chips Fire"
"4.2.3","PIPO",134.851275566307,"Post-Chips Fire"
"4.2.4","PIPO",0,"Post-Chips Fire"
"4.2.5","PIPO",0,"Post-Chips Fire"
"4.2.6","PIPO",214.761088980165,"Post-Chips Fire"
"4.3.1","PIPO",0,"Post-Chips Fire"
"4.3.2","PIPO",0,"Post-Chips Fire"
"4.3.3","PIPO",0,"Post-Chips Fire"
"4.3.4","PIPO",0,"Post-Chips Fire"
"4.3.5","PIPO",0,"Post-Chips Fire"
"4.3.6","PIPO",0,"Post-Chips Fire"
"4.4.1","PIPO",0,"Post-Chips Fire"
"4.4.2","PIPO",0,"Post-Chips Fire"
"4.4.3","PIPO",0,"Post-Chips Fire"
"4.4.4","PIPO",0,"Post-Chips Fire"
"4.4.5","PIPO",0,"Post-Chips Fire"
"4.4.6","PIPO",0,"Post-Chips Fire"
"1.1.1","PSME",192.570855479657,"Post-Chips Fire"
"1.1.2","PSME",196.174841685142,"Post-Chips Fire"
"1.1.3","PSME",0,"Post-Chips Fire"
"1.1.4","PSME",0,"Post-Chips Fire"
"1.2.1","PSME",181.571013373273,"Post-Chips Fire"
"1.2.2","PSME",157.854554702125,"Post-Chips Fire"
"1.2.3","PSME",130.078122974465,"Post-Chips Fire"
"1.2.4","PSME",0,"Post-Chips Fire"
"1.2.5","PSME",146.671942883762,"Post-Chips Fire"
"1.2.6","PSME",144.632243644948,"Post-Chips Fire"
"1.3.1","PSME",0,"Post-Chips Fire"
"1.3.2","PSME",195.551971764724,"Post-Chips Fire"
"1.3.3","PSME",144.321938808553,"Post-Chips Fire"
"1.3.4","PSME",138.378690269289,"Post-Chips Fire"
"1.3.5","PSME",152.773310456636,"Post-Chips Fire"
"1.3.6","PSME",0,"Post-Chips Fire"
"1.4.1","PSME",0,"Post-Chips Fire"
"1.4.2","PSME",0,"Post-Chips Fire"
"1.4.3","PSME",0,"Post-Chips Fire"
"1.4.4","PSME",0,"Post-Chips Fire"
"1.4.5","PSME",0,"Post-Chips Fire"
"1.4.6","PSME",0,"Post-Chips Fire"
"2.1.1","PSME",137.016173449495,"Post-Chips Fire"
"2.1.2","PSME",123.761565855957,"Post-Chips Fire"
"2.1.3","PSME",0,"Post-Chips Fire"
"2.1.4","PSME",111.265746465333,"Post-Chips Fire"
"2.1.5","PSME",149.004539608309,"Post-Chips Fire"
"2.1.6","PSME",178.91257662,"Post-Chips Fire"
"2.2.1","PSME",171.510284690415,"Post-Chips Fire"
"2.2.2","PSME",0,"Post-Chips Fire"
"2.2.3","PSME",106.326459032559,"Post-Chips Fire"
"2.2.4","PSME",127.015685184895,"Post-Chips Fire"
"2.2.5","PSME",157.900405983566,"Post-Chips Fire"
"2.2.6","PSME",0,"Post-Chips Fire"
"2.3.1","PSME",147.255646381554,"Post-Chips Fire"
"2.3.2","PSME",0,"Post-Chips Fire"
"2.3.3","PSME",113.669710689031,"Post-Chips Fire"
"2.3.4","PSME",0,"Post-Chips Fire"
"2.3.5","PSME",0,"Post-Chips Fire"
"2.3.6","PSME",0,"Post-Chips Fire"
"2.4.1","PSME",0,"Post-Chips Fire"
"2.4.2","PSME",0,"Post-Chips Fire"
"2.4.3","PSME",0,"Post-Chips Fire"
"2.4.4","PSME",0,"Post-Chips Fire"
"2.4.5","PSME",0,"Post-Chips Fire"
"2.4.6","PSME",0,"Post-Chips Fire"
"3.1.1","PSME",176.758223292543,"Post-Chips Fire"
"3.1.2","PSME",104.048090614253,"Post-Chips Fire"
"3.1.3","PSME",0,"Post-Chips Fire"
"3.1.4","PSME",190.747206703911,"Post-Chips Fire"
"3.1.5","PSME",0,"Post-Chips Fire"
"3.1.6","PSME",0,"Post-Chips Fire"
"3.2.1","PSME",0,"Post-Chips Fire"
"3.2.2","PSME",0,"Post-Chips Fire"
"3.2.3","PSME",0,"Post-Chips Fire"
"3.2.4","PSME",0,"Post-Chips Fire"
"3.2.5","PSME",0,"Post-Chips Fire"
"3.2.6","PSME",0,"Post-Chips Fire"
"3.3.2","PSME",0,"Post-Chips Fire"
"3.3.3","PSME",0,"Post-Chips Fire"
"3.3.4","PSME",0,"Post-Chips Fire"
"3.3.5","PSME",0,"Post-Chips Fire"
"3.3.6","PSME",0,"Post-Chips Fire"
"3.4.1","PSME",0,"Post-Chips Fire"
"3.4.2","PSME",0,"Post-Chips Fire"
"3.4.3","PSME",0,"Post-Chips Fire"
"3.4.4","PSME",0,"Post-Chips Fire"
"3.4.5","PSME",0,"Post-Chips Fire"
"3.4.6","PSME",0,"Post-Chips Fire"
"4.1.1","PSME",0,"Post-Chips Fire"
"4.1.2","PSME",0,"Post-Chips Fire"
"4.1.3","PSME",107.79959680162,"Post-Chips Fire"
"4.1.4","PSME",125.834266517357,"Post-Chips Fire"
"4.1.5","PSME",0,"Post-Chips Fire"
"4.1.6","PSME",0,"Post-Chips Fire"
"4.2.1","PSME",136.493759582622,"Post-Chips Fire"
"4.2.2","PSME",0,"Post-Chips Fire"
"4.2.3","PSME",0,"Post-Chips Fire"
"4.2.4","PSME",0,"Post-Chips Fire"
"4.2.5","PSME",0,"Post-Chips Fire"
"4.2.6","PSME",0,"Post-Chips Fire"
"4.3.1","PSME",0,"Post-Chips Fire"
"4.3.2","PSME",0,"Post-Chips Fire"
"4.3.3","PSME",0,"Post-Chips Fire"
"4.3.4","PSME",0,"Post-Chips Fire"
"4.3.5","PSME",0,"Post-Chips Fire"
"4.3.6","PSME",0,"Post-Chips Fire"
"4.4.1","PSME",0,"Post-Chips Fire"
"4.4.2","PSME",0,"Post-Chips Fire"
"4.4.3","PSME",0,"Post-Chips Fire"
"4.4.4","PSME",0,"Post-Chips Fire"
"4.4.5","PSME",0,"Post-Chips Fire"
"4.4.6","PSME",0,"Post-Chips Fire"
"1.1.1","QUKE",110.206434180675,"Post-Chips Fire"
"1.1.2","QUKE",158.591615788249,"Post-Chips Fire"
"1.1.3","QUKE",190.145096706392,"Post-Chips Fire"
"1.1.4","QUKE",195.500455672786,"Post-Chips Fire"
"1.2.1","QUKE",137.680651206354,"Post-Chips Fire"
"1.2.2","QUKE",159.653304684711,"Post-Chips Fire"
"1.2.3","QUKE",192.274302157958,"Post-Chips Fire"
"1.2.4","QUKE",216.825656704229,"Post-Chips Fire"
"1.2.5","QUKE",126.413836047495,"Post-Chips Fire"
"1.2.6","QUKE",165.264798572352,"Post-Chips Fire"
"1.3.1","QUKE",173.406463363272,"Post-Chips Fire"
"1.3.2","QUKE",173.860050991953,"Post-Chips Fire"
"1.3.3","QUKE",172.085540447344,"Post-Chips Fire"
"1.3.4","QUKE",233.511181942259,"Post-Chips Fire"
"1.3.5","QUKE",187.813495182207,"Post-Chips Fire"
"1.3.6","QUKE",247.434814574389,"Post-Chips Fire"
"1.4.1","QUKE",300,"Post-Chips Fire"
"1.4.2","QUKE",300,"Post-Chips Fire"
"1.4.3","QUKE",300,"Post-Chips Fire"
"1.4.4","QUKE",300,"Post-Chips Fire"
"1.4.5","QUKE",300,"Post-Chips Fire"
"1.4.6","QUKE",300,"Post-Chips Fire"
"2.1.1","QUKE",192.104753440139,"Post-Chips Fire"
"2.1.2","QUKE",175.416018128888,"Post-Chips Fire"
"2.1.3","QUKE",143.928329415132,"Post-Chips Fire"
"2.1.4","QUKE",214.035425403192,"Post-Chips Fire"
"2.1.5","QUKE",132.016440792332,"Post-Chips Fire"
"2.1.6","QUKE",142.990558074006,"Post-Chips Fire"
"2.2.1","QUKE",204.469612304021,"Post-Chips Fire"
"2.2.2","QUKE",238.050813613165,"Post-Chips Fire"
"2.2.3","QUKE",137.794811883944,"Post-Chips Fire"
"2.2.4","QUKE",229.722675293442,"Post-Chips Fire"
"2.2.5","QUKE",125.997880137273,"Post-Chips Fire"
"2.2.6","QUKE",146.735207212698,"Post-Chips Fire"
"2.3.1","QUKE",145.957285220777,"Post-Chips Fire"
"2.3.2","QUKE",133.769588234807,"Post-Chips Fire"
"2.3.3","QUKE",172.920514514309,"Post-Chips Fire"
"2.3.4","QUKE",167.156341313132,"Post-Chips Fire"
"2.3.5","QUKE",199.163207978543,"Post-Chips Fire"
"2.3.6","QUKE",209.134298561848,"Post-Chips Fire"
"2.4.1","QUKE",300,"Post-Chips Fire"
"2.4.2","QUKE",300,"Post-Chips Fire"
"2.4.3","QUKE",300,"Post-Chips Fire"
"2.4.4","QUKE",300,"Post-Chips Fire"
"2.4.5","QUKE",300,"Post-Chips Fire"
"2.4.6","QUKE",300,"Post-Chips Fire"
"3.1.1","QUKE",129.535898647247,"Post-Chips Fire"
"3.1.2","QUKE",246.238773004639,"Post-Chips Fire"
"3.1.3","QUKE",287.618362158893,"Post-Chips Fire"
"3.1.4","QUKE",209.252793296089,"Post-Chips Fire"
"3.1.5","QUKE",246.302050904262,"Post-Chips Fire"
"3.1.6","QUKE",198.613095589971,"Post-Chips Fire"
"3.2.1","QUKE",159.514294909805,"Post-Chips Fire"
"3.2.2","QUKE",144.684944354174,"Post-Chips Fire"
"3.2.3","QUKE",249.861353867801,"Post-Chips Fire"
"3.2.4","QUKE",153.570169367169,"Post-Chips Fire"
"3.2.5","QUKE",254.892227120677,"Post-Chips Fire"
"3.2.6","QUKE",215.894122562321,"Post-Chips Fire"
"3.3.2","QUKE",196.857128948582,"Post-Chips Fire"
"3.3.3","QUKE",300,"Post-Chips Fire"
"3.3.4","QUKE",206.445160712664,"Post-Chips Fire"
"3.3.5","QUKE",201.664729170126,"Post-Chips Fire"
"3.3.6","QUKE",175.417353998691,"Post-Chips Fire"
"3.4.1","QUKE",300,"Post-Chips Fire"
"3.4.2","QUKE",300,"Post-Chips Fire"
"3.4.3","QUKE",300,"Post-Chips Fire"
"3.4.4","QUKE",300,"Post-Chips Fire"
"3.4.5","QUKE",300,"Post-Chips Fire"
"3.4.6","QUKE",300,"Post-Chips Fire"
"4.1.1","QUKE",300,"Post-Chips Fire"
"4.1.2","QUKE",293.257427560316,"Post-Chips Fire"
"4.1.3","QUKE",288.173226502584,"Post-Chips Fire"
"4.1.4","QUKE",267.144456886898,"Post-Chips Fire"
"4.1.5","QUKE",300,"Post-Chips Fire"
"4.1.6","QUKE",300,"Post-Chips Fire"
"4.2.1","QUKE",188.131981242419,"Post-Chips Fire"
"4.2.2","QUKE",300,"Post-Chips Fire"
"4.2.3","QUKE",256.943833541041,"Post-Chips Fire"
"4.2.4","QUKE",300,"Post-Chips Fire"
"4.2.5","QUKE",300,"Post-Chips Fire"
"4.2.6","QUKE",176.094381032976,"Post-Chips Fire"
"4.3.1","QUKE",300,"Post-Chips Fire"
"4.3.2","QUKE",300,"Post-Chips Fire"
"4.3.3","QUKE",300,"Post-Chips Fire"
"4.3.4","QUKE",300,"Post-Chips Fire"
"4.3.5","QUKE",300,"Post-Chips Fire"
"4.3.6","QUKE",241.086948681885,"Post-Chips Fire"
"4.4.1","QUKE",300,"Post-Chips Fire"
"4.4.2","QUKE",300,"Post-Chips Fire"
"4.4.3","QUKE",300,"Post-Chips Fire"
"4.4.4","QUKE",300,"Post-Chips Fire"
"4.4.5","QUKE",300,"Post-Chips Fire"
"4.4.6","QUKE",300,"Post-Chips Fire"
